id,prediction
a7d627b7-638a-4472-abee-3f572ab453ba,b
0e57e835-5bd6-4a3a-b095-661c18241dc3,d
04efd566-ec54-401d-b21f-19c994ad5df9,b
df80a409-2c9f-49d0-a8a4-22064fb2487d,b
c998490c-7b01-499c-81b4-cd048c6cf623,c
a65e2191-744c-4453-93d6-65e70857ceb4,b
8b261dd0-cb69-4c03-8b62-308fa7425854,a
e05dc550-2f78-48f1-9684-7281dd747006,b
98619da0-1b83-41eb-870f-d2d9c0dfdbab,d
4e7727f8-db64-48a3-ae2c-d9bd5404790b,d
83a485f3-ee27-434b-903a-d0cfd1394d99,a
df046827-d73c-4f76-bc78-b284523421c1,a
2cb4dc17-1625-4bb5-9739-73bacc6a1ecb,c
bc95f686-ac03-45c6-8458-bfec606b2971,b
589d210d-d6ec-4ab7-b56b-447792428af4,b
513604f9-bacc-457b-a81b-47f71a33d6d5,b
9d879952-2a23-4bbb-8085-51d22a344a43,c
8ed63544-39a5-40b6-a453-a22e8fc61fdb,b
c8ef6bb0-9aae-44c8-b224-92b2b39f253e,a
531b9dbb-de25-48ad-81cb-1cd208472204,a
229ea5df-3c71-4f60-bcfa-136aea41cc33,c
81b206d3-1f4b-40d9-8585-459da3607457,c
404ee269-3c2b-4d15-89ed-4a3d99504fbc,d
bf1a3de2-e233-45a3-a881-92376ea3c258,c
b6259deb-2f3b-4ffa-861a-dbf015975a41,b
cd8a2c22-2c3a-4f61-9887-fe6d15e60e98,a
9d6db7ef-6d9d-4633-aa52-6d6b41ad1ceb,c
bc9d0955-2b9e-4877-bc1d-b51886ef6bb5,b
49203ef1-21cb-4697-9c63-b08e81b4e255,d
81743f71-118c-4f26-a4fa-c6105dc12778,c
318f9ec9-3af5-4e2e-a687-7b5212cf24a9,d
6562b918-839d-4a34-9ab1-d766bf5b6634,b
b6d16d7d-9a5b-4401-9672-83a9779d895a,d
fa45f722-a5b6-4665-b11f-aa7cfbe3fab1,b
d27b2272-6bc5-49a8-ab07-f9a02b406708,a
0e56dd2c-dfe7-4be5-bb1c-ba8bcdfb483c,a
4c5ac7db-dde7-4ee7-b080-32c1f4698e37,d
db9fbd7d-251b-49d0-b4a7-ca31c61be8d0,b
54602b63-43d7-4ba6-be33-f265ceaa07d3,a
ad27e8ba-9d74-4aa1-8a5e-20ecf6dd4d12,d
5d38d2e4-9c29-47c8-bd27-4de859ab229f,d
4ccaa8d4-6e11-4d47-8bd9-4caeb9391706,b
d97fee49-7f67-4e2a-9dab-4400dbe9f0d5,a
130a3078-e07c-4d72-be18-e6d4aebcf4f3,c
c854d949-9296-4d93-83f0-b556f9449de1,d
66f5e689-8588-4e91-a8e9-67c21b9f23fe,c
c81d284c-8912-49dd-939d-a79c6d130618,b
fb0d804f-8be0-4522-96f6-7e96c9e0e4cf,c
6f953e03-371d-42d3-97e6-76c55748e46d,a
9a478ec3-3a63-4cc4-9789-ff6faa057621,c
84eaa658-8e5a-4786-ab99-629321e569c9,d
4433b232-6198-4df9-80fa-17f16d06cae8,c
42620606-b845-45a1-b34a-c36b5d09921c,a
984cd87e-5af2-4d6b-aad8-c206208da3ac,b
011a2c56-b959-418e-a53e-86e7ec0488a2,a
ecc1f06f-41e5-4a0a-80f4-74ed3391363a,c
b6bf8728-5c4f-411e-9a97-84c52692527b,d
ade8fc5e-2292-42ab-8c2c-f2c6400e2bdf,d
7bd9d943-8f7f-45e5-9c43-23f2c69d23ee,d
c5133c9d-148d-4eb1-bb30-e62d4c4c2e2c,c
b79b6aee-783a-4acb-a51e-52789a681c2b,d
2faf2e5b-3d70-4a9b-b00e-fdcbe8b61092,b
21e81728-04ef-432f-9817-8d3736b3f1d5,a
c8e6d2e9-e721-42f8-b888-e2a58bf13fd3,c
d5be27f5-3f79-44ee-940c-5eda74bf6e6b,d
d1c5e3d6-5067-43b3-8b90-6aa3cbb919ca,b
1588db58-a19f-4f3f-9b0c-10f4f970d60d,d
59be1a66-6bab-4866-a522-533a0bc02966,a
eaaaa36f-2d8c-4d42-bb33-2d774dab4375,b
0654f0c2-fed8-4c18-a0d1-090aa94b8574,a
e9bb0abe-4fe0-4a23-b46a-376c0ddde749,a
686eb497-11c2-4f94-b60a-b1e367e0718d,b
ea79a326-4be3-427a-a22f-97ada8457d63,d
21cb2513-2735-4dd0-9e57-f7fbdd2fb5dc,b
6c99f88f-b131-49da-a5d4-b89f8a93ecc2,c
7b4ba70f-e5a8-4f60-bc80-5bd0fc078c68,b
4f4f5684-8a48-4563-9112-df3383a4556f,b
264ce458-3356-4001-b3b6-2201f80141fc,b
5ae6a64b-d54d-4b60-8780-bda44bdfbf46,b
9804b3aa-bcfa-4ef6-8827-ccd6d45fc120,c
daf7d107-2b37-4c50-ba82-63b85b859ce6,b
fc6a0f64-ec7f-4ffc-8f95-4226614e709f,c
d26aab84-ac02-4f80-8ddb-25af86068e36,c
78c2c0bc-b74c-4df2-9f9d-7ac3f5868f34,b
8bf07305-59a3-4a54-ac3a-2d3d6da8dcc1,a
9f6d32ea-a82e-4228-b75b-ca3eb0a3b73f,b
0bf7ba53-1d31-452d-8ccd-efc29c86b52f,b
023be745-ca99-4dec-a7be-87c1f4e65883,b
04d0294b-fb04-424b-9ce9-84e04cce34f0,d
a760f889-8697-483e-bd2c-026c9c6f6aa0,c
7ff6dfb8-764e-4017-8955-116b87c09dd6,b
e8508135-92a7-4dd6-a6f3-ce8bc2b74c42,d
ea771c10-d874-4a91-b854-d146d32d960a,d
dcb882f1-67b2-467c-84d2-b0fdb69f4078,d
9c2e0727-ee59-46c5-9f01-b91538dceb2f,a
ab45b2e6-5c52-4b9e-b401-d558413d09c4,b
24a02c12-0bd6-4d0d-96d0-e21359dd5a6e,b
ddfd6b4f-d8d2-4654-8c1c-49a963dffbff,b
3db804c4-cd06-487c-a954-eef6debf9db2,b
a4432916-53af-4c45-872f-6acce0767cc6,c
cd4023a1-2659-4cb3-a9d1-65feb950445d,c
931b9207-cea1-499f-9648-15114189e20b,a
e5bcb69b-408e-4fe5-8e04-5efdda357652,b
be14a9d9-b1a1-438f-9471-d1ecf76cb160,b
986fae3c-8fc9-4f8b-9469-59bc9b750bb2,b
cbace15c-e3bd-4d9e-a759-613acf830fcb,a
258eb687-7c5c-4b15-bc40-ea4f146d46f6,a
f33ee411-fb72-42b1-bbe2-0fa0c84e925b,c
8a24d55e-23af-408f-a9f6-1b7ef6bb5b29,a
248b4143-e80a-459f-b2c5-0e02a793536f,b
3b46dc43-7031-477c-9028-d80a3551cdc1,d
19e21c51-a0dc-4f5b-bf74-c949c384a962,d
23cdd7dd-0e25-4cd1-b6fe-75b7a6807720,d
fb2395c1-7fee-47bb-8806-d7fd5b916d6e,c
5b06ab0a-fa65-4fd6-b60b-2d9d5fb9fbba,d
d8e686ee-1574-493d-9209-371487ad354c,a
e4c98e6d-a12a-4517-8da7-3305e7f25150,b
919c1a62-0ac3-47e9-a060-2bd4695d8d66,c
cf20693e-87b5-4ddb-8fe2-377039413439,a
cd125cf5-4594-404d-a170-d847bd86b12f,c
61610d0f-3260-4d66-aaad-70d37043f3fa,c
091d2193-ea67-45a5-a47d-221da5895664,b
a95d7bfc-b598-4608-b6a5-dde1738df4ac,a
40203b47-b2aa-4a57-8cd3-0fc9a1aaf7f4,b
13ad7b03-e1c2-47c3-884b-156a3f8380bd,b
db28561f-0782-4b8c-911d-23db0a6774fd,d
3f162a3f-d710-4782-9a47-36d934b69edc,b
d046517e-8003-46ed-8da8-114f99b41881,b
d911b11e-1079-41a9-9f69-51beb0fc0a27,c
45e2eeda-d664-4780-a246-f83f1d772c2c,c
cd6bd6ae-7539-42fd-aa4d-bcded4a1388d,c
381d16ad-4d2d-4022-a5f3-8e7745eda832,d
d45de462-98d2-4f3b-9a56-e4e780963765,a
953f6ef3-8e6c-4b94-870d-a65922c341b2,d
f0ee15d4-6e4b-4f29-b579-1170e1756607,a
d8e3fcc5-0ee8-4207-98d4-464818b15396,a
b0bc344f-5d07-43bc-af01-0203b61a6073,d
76621012-2d92-4d9a-95f6-ab9e3c6dbe87,d
b449de09-76fc-494f-b885-6eb48f52af0b,a
9ee2a4a8-6483-4ce9-80ff-ba2ef42bbb19,b
571553e2-8ad6-4f73-befc-0e7d8b72ccd1,c
6b56fe21-1d9d-4571-95e8-7ae08ecefe6a,c
8ab9125f-d9a0-41a0-b329-aec68e612bef,d
e87c564a-8835-4de2-8156-cd2cc6515f3b,c
66c4ceab-aa84-4f92-98a9-73e5fa74e55c,c
1d60d38e-be52-454f-bb5b-14de4f2e72fe,a
190a59b6-368c-4f48-a61d-c39b01394546,b
e2080ea8-60ab-42b7-bcf8-e335ba633f56,d
29094849-690a-45dd-8a0e-a4d5b315afc6,b
99df9b6b-5e64-408b-941b-65aa2332de71,b
4e3a61b9-f5a7-4c0b-8b76-e3d7fd4caff1,a
f6f4dbf0-f713-4e4a-a219-1b1e0651c66a,c
85c6d8bb-9c39-4397-981b-9e61f72f02fd,b
a4af75df-c793-4162-983b-ee610f5ab617,a
6e7512e9-a090-4ea6-bd8f-359425d978b7,d
34fd96cc-0563-41ee-a984-e58e9540cdac,b
b561df60-924c-41eb-a497-b76dcbc0a56b,c
04e9e165-7333-4880-81bb-99ee528b55ce,c
31b46f0b-ced5-4560-9669-122931b6493f,b
8de99d9a-6ba8-43f0-8918-973e85bda8b7,d
2ab0925c-15a1-4079-86ba-a2f3b5128de8,b
2fec5d3b-6a1b-45db-b327-08e74c234f84,b
3318ea49-8e0b-4b55-a1c5-1d8830f6e3e7,a
2208321f-a58d-4658-a7cb-d95988be2341,a
7971f83b-066e-4cf3-bdfd-d002fc0f204f,b
33aef900-3f79-4bad-b863-d2710f515230,c
cfd9bf8a-aa2c-44df-b305-d5a72e1293ec,b
30892c1a-7813-4e04-a8d1-496253107076,d
dd1a7500-857a-495a-928f-1e58ecf9fab6,c
3cf7ed6d-248b-414f-ac8b-fc391ebbb77c,b
86c7e58a-6dce-4755-8de0-b042a33979c9,d
1e7fe61d-e7e8-41f8-903e-dbb40805510d,a
f527ec1e-6904-48b1-88e7-2f3b53038adf,d
1929d9ba-25aa-43dc-a1cd-01bb7d4b428e,b
dcaeb851-5d34-4ee1-86c4-5504fd63e116,c
64071ec5-402d-4447-8aba-6e8874e5ef69,b
4140124e-291c-4911-9b24-5b784f9a678c,b
f629a762-a107-46e6-a7f0-82cbdcfcf843,d
7d20aa2d-b8d4-464c-869b-34fb2290e2d8,c
154997fd-0769-4b88-813c-9f52db0053d1,a
8cd3c5f3-48c1-4cc7-8ed5-1d2939ed5967,d
9cd58922-f104-427e-ab16-73486773fa07,b
3d2a0b9c-4ba1-4c20-a8b7-1f70c273c66f,d
96035e2c-80cf-435f-8644-c0ccdf2c927e,b
c739281d-6193-4980-b60b-f678459156da,d
77fbb975-b061-44fb-922b-25aae7912c5f,b
67f0320e-1aff-493d-91e9-aa36ae319d33,a
2c7a3ce2-d5a2-4b45-84c3-e7b31858854e,d
8b52bdef-2293-4dca-a2a0-9cd7763b5594,d
bf8498cf-01f3-41cc-b2ef-77d3745a23a3,c
197d828e-6ee3-439e-8c8c-c14bc32e4830,c
2c0340ea-2d00-47ab-93eb-8b383f89b77b,c
deb1e5ab-7f1b-4723-8b63-b35ebfcc0745,d
10956d2e-64c7-4c95-a1a2-6305e735fd29,b
951d760d-c83d-4792-8489-943fa556c37f,d
0e020540-008a-448d-ac60-a3aca84c074e,a
f7641063-1f1d-447e-bd37-96b6865b9a11,d
b6ecd8a2-d8b8-4bbb-b378-b24993543bd8,b
3d4bc955-0801-4ab6-8029-60209cff3891,b
cc75346a-3d5b-4878-a5cd-e6dd1d16c14f,d
848478d5-9ba0-42f8-a43c-048fe401f79c,b
5fd2537f-c142-486d-a2a2-2063b1311f42,d
77c5df07-212e-483f-bea1-df2f0c606c9e,b
2f08753c-5093-4544-b758-9993e260c4dd,a
a46e42c1-b2af-4f1a-a746-0a54d63ade53,a
d9603e58-7c06-4260-8156-7bef060453ec,c
4efb3db3-2b83-4a73-befe-8eda0cad1d59,a
55d23cb8-30a1-4cb5-b1c1-497471234634,d
2f9cbc6c-f9fa-4423-a21b-c64c588aa3d2,a
452f04d3-a4ea-429a-a6a4-f11e6e9275d1,d
a2969deb-a072-49e7-9d47-fe31d412ea41,c
ad643d17-fcf7-4116-94a6-57a984ce94f2,d
147e1c06-2b27-4bbf-95ed-40a058c570dc,c
e9958e5b-9935-4d8f-8ad3-0d4c759be888,d
dcbde1fe-6820-4f57-81ed-901db2f85198,c
be13d9ae-e2e0-4605-b27e-e1c2783e9715,b
623cb324-89b0-4e91-b69b-6f2356a61b2d,c
92245dae-b51d-4ea7-a587-1e4bd93c6f79,c
382552dd-9a23-40a2-ae17-50a2ce6237e6,d
bba0cd1c-92b2-43ef-b544-ac6483c703fe,d
fa72573d-63e0-48fb-bd7c-ca8b4c28422b,c
56c13072-85bf-4c4a-bfbc-bbc53dd5331f,d
221a30b8-4b1a-4dd6-b4b3-6c7a2f79428c,d
1b9969fa-635f-46f2-92ee-9ade9f0573d2,a
8e6c6f0e-446a-4a50-9625-65bd9b923b6a,c
14990be5-9d1c-40bd-9dba-a7bd8236b868,b
c909881d-f577-4525-a3fb-ada6bf5fdb9c,d
7de3dff3-c7a0-4540-83d9-39767178bc9a,b
5caba32c-a3e4-4f5f-bccb-34825b39f648,a
aa57db03-118b-46a3-8c07-289dfb2f7b11,d
1fb6167d-beb0-455e-a676-deda82c669f9,c
e425da8a-b5d7-4a4e-a276-8cf5c395b1f2,d
e9fb2953-c5de-483c-98a6-f96b7d1f9355,b
ab57a522-5fe8-4323-bc77-3574cc1c005a,d
55af2e11-fb57-4cd7-bea7-c27b4cad62f5,b
66fa0465-4303-4e7e-8dc3-3b1f9b75205b,c
60c25038-0e9f-413d-a8fd-5e58decea6d9,c
e0436517-6d12-4a50-9635-22a015ca58a3,d
1281b62d-ce81-4290-8e48-16d9c03bc4f0,b
bba23e99-ce0e-45c8-83ab-6136f0e9ecae,a
4937bf67-c2c3-4e2a-89f0-1d94fbb10e92,c
1cab8ff3-4214-4b66-9f5b-5d9590606a5b,b
ff3960ba-c53e-432a-aade-69a8452eb040,b
f2f61b7e-eedf-44ad-9ab3-12d1026a9267,d
218d3afa-a60a-4946-b4d9-8ce0647dafae,c
fe10f952-493b-4e74-933d-13d541718939,d
7dbde9da-c710-41c7-804c-4d5cf06ac496,b
9c1ac049-050e-41c1-823d-005c5a40c8b5,d
4dbe6c3f-d34c-4e57-870c-3d100bff6aa9,d
bc41ff36-9c2c-4d4d-bbd4-8158cb798d3d,a
0f362d42-7ca5-4598-9305-7238bd654ddf,c
366c6500-eeba-4c7e-8064-a256ff950df9,d
5722a696-6628-4b1f-a2b8-401db608a6df,b
bc93218f-5bf5-4c13-b31b-4078a98158e8,b
a3346783-0457-44e5-8123-5d0d50598759,a
6892ef15-caf2-44ab-a68d-e6be121949c4,d
39f1c439-4767-4234-8b84-d5275a1c8e21,d
4cfd7de6-09ab-4a27-be20-333b645efa0b,c
10c6c458-083f-4470-a558-0fbbaf323285,d
c287a508-4620-43e7-9ace-ff97fb004eb5,b
aa11e843-3644-4fed-ae83-5dc9db620e9e,c
bb18613d-8b8f-4664-b56b-7de2358020da,a
b0234347-af6c-448a-8016-39cd1db3d183,b
9dcc04ae-d1db-4740-bd55-6dad49a973f0,c
0f65e60c-a3c0-410e-8c4f-a99de93ff5ee,b
c640fab4-ae57-4fb6-9100-867c13f20e28,d
43ec5524-cab1-4c1b-b685-799ab8af7acc,d
ea21c913-d771-4517-9c63-86a7ae3b55aa,c
4a8a685a-f62c-40ab-92ae-9ebe32f0c018,a
acc33c8a-fd6c-479f-98f8-18f42454efae,b
0453f92b-5427-41f7-874d-e004c9b6810f,b
dc838b9d-df59-4b36-ad8e-1d0aeca098af,c
e536953b-cc77-4efd-8e75-141cb57a6834,b
92b44af5-3d49-429d-a411-9e23aacdab3e,a
eb19d9a5-2ec6-4789-a197-5061749ee5a1,d
edf85754-636f-470d-8a0d-899e60a716fc,c
b21a0915-cd3b-49bd-9f47-c1fab9bbee2d,c
4a18bf7c-f6af-4390-8df0-569f115721bb,d
e16a25a4-c985-4536-9382-d6202a70a95d,b
6231f3df-ec7c-40c1-9e5b-127acb0e4e71,a
1d156521-0947-4de1-a35a-13392e85028c,d
8980afa8-611a-48a7-a7b5-c813da5bd720,b
b42450db-9ec2-401f-b4c3-44afa5eae7cb,c
45cee17b-d979-44bf-89f7-9cd5cddf5aa7,b
d89ff997-0166-4f13-8e9c-782708575553,a
5e8fcbde-6b45-418f-af57-58996ca495be,a
9a4b4968-8812-42fc-a467-5fb8cf7870c0,d
7a771d36-7517-43b1-89d6-9fa3174fb3c0,d
9a415995-2431-4042-9485-360bee70233c,c
beaf7a22-42a7-460c-80a4-28d38ef26770,a
04855d77-d87b-4a88-b195-bc58a5c9e298,c
ac2a420f-362b-40c4-bc9c-b4a74719831a,d
c00f664a-1899-4a15-b553-cbac6f4be8dc,b
d119fce4-57c3-4067-827b-b313a753cea0,b
298b0dfa-29f0-4c37-99ab-3a58124ba8fb,c
0a6bda3d-67f1-4c89-b97f-17d4b6fc45fc,a
38c36f76-a552-445a-b704-ce9f36db9c04,d
5652c1a6-75d2-42a2-9b55-bcd2aa296d85,c
a264fb71-a3c8-4421-a58f-8df3b5c9ae46,a
a218412b-dbbd-4e7c-93ec-9f29754679c4,c
4e45a4d0-6c24-4ee9-9263-aa614137cb23,c
bd5a7fa2-0c96-4f6d-968d-a933e78f6285,c
5454d984-7fe9-4432-a856-a589b4cd4734,b
d40764c0-7edb-4306-a936-62090542e745,d
be9ae567-09c8-4d0e-96cb-61236fa0b733,a
da1f2442-53f4-434c-bde5-7b1797425a7c,a
c9fd4fd6-28ae-4bcf-8d2d-de219eaea8b6,d
cb2594d6-ea69-4905-adc2-293b9700860e,c
4a51cd9e-b3fc-4037-a80f-1c39540beabb,c
b1d1feae-84b5-4471-9e26-c87a9745bd0b,b
155ca46e-9a72-4af1-9c64-b1db675309ce,d
bd2b9c60-ac94-44a2-93d4-f128caefbe89,c
4f0e376b-ddf9-48e6-8ec5-25c621f54ca7,b
54390815-5d00-4c2b-b3b9-bd21b99ee0c1,d
67cb0ced-48bc-43da-b51c-cbc491a130d4,b
f0f58a42-0cfe-4e91-8794-79d3a5023afb,d
642d32ec-85f7-4934-af7f-ce03f389adf4,d
6612617f-9d86-4507-8e1d-dd58b59e6273,d
be1961ad-30cd-4cec-8a65-1db0b1c0cead,c
ccdea0ce-f6c7-4118-a0fc-6f8e328fa728,d
93efc395-c293-43c6-8497-02dfadf5b721,d
3122e811-1c38-49b8-b657-85aed19de5f1,d
17348fdc-8b2c-42be-a511-940245b118d3,c
56c7d9de-bfd2-4789-93ac-9d323b9562aa,b
2b77692c-8fce-4e44-b7ca-5a92fcf4dcbc,d
21118a2b-0eeb-431d-89e9-1126e16a1fce,a
636d7fbd-765d-480c-8c6d-629b3c6bf5ab,d
560bc9c6-8384-4aaa-bba8-cfbdc53f41da,d
10ded56c-bddf-4c52-ad51-a07568a0e7c0,c
b7413ec4-6031-47ab-bb90-2d9661f81f73,a
30fc0eec-4a91-4333-b063-98633c315aaa,b
c788327d-700b-4792-81ae-22230f02323e,c
91f6a68b-f891-411b-9069-f8120df1657c,b
53040b3b-d229-4cdb-af82-f4343583fae2,b
0e65f5cb-c229-4799-bc68-660f9724d62a,b
7c62f1e7-0264-463f-872c-7813c4a09c5f,a
60436da3-0801-489c-8f22-d332cac11b9a,a
783f79be-ea4f-4f63-a23c-275e115f8f17,d
79fb7c57-0668-4630-8e7c-c6cdbc631d78,c
055862d1-71d8-4e2b-bf05-adfcd0ce12c3,d
d9e5453e-c885-491d-9e25-f3cd59bf8773,b
1fa9bd5a-1477-483a-840e-b0b56b14c535,c
d520c76e-bb34-4f82-96ed-91d07dc38f4a,d
7524a3cb-c9bd-4be1-8a9b-af96c4a29043,c
d49c4c70-32aa-4b38-ad75-b06f2e5b647b,a
fbd1be1d-db86-43cc-913b-bc71efbc909c,c
7eb067be-e146-4a90-a1e6-4bba67a19d63,b
165742d0-d645-452a-a144-6f338e259204,d
12e633f9-9fc1-4089-a5f7-70640519084e,a
84d0376e-d16f-4f81-a69e-b49a441f9f06,d
5fe15b71-595b-49aa-9a69-1319470c23c2,b
ef813e70-29b5-4b76-89f0-eebcc7926578,b
84cf8c65-1a46-4fc5-b27b-30c702e80499,d
887a81a9-c3fb-4c0a-95af-9c2ef5053fa7,d
64dd0b77-0007-4f5e-82a3-ad15f92e2540,b
a5926054-f001-48aa-8513-018218dc5551,b
ff45df48-4d8c-45db-a999-e9b98c41baff,b
e0e101bd-6f76-4293-86fc-bcf78b475e6f,a
eea43a60-70c0-4c7c-be06-9329587c3d7a,c
761bf2dc-e0ac-452a-ace6-3f6920cb25c4,b
8874a93d-b871-4844-a5ac-6d685e82bc83,a
469950d6-a5ea-43c8-a270-76e4b4e09f02,a
0d7d959f-3832-4a90-ad1d-ae2f929f7f65,c
827352b8-a74d-4af4-9015-f3b95797e5bb,b
2e4b7c21-0a1a-4a9c-88da-71d2f03c92a8,a
fec6932c-2ce0-4eba-9ad5-0be58ff4c3e9,a
dd20b92f-3489-4542-9e2b-7dde4b1e6c39,c
3ab9fa25-1d38-4cb5-81f6-c1c0057dc70c,b
409e8f8b-d653-43c1-9892-bf1b138b3e07,b
519ed8c6-02c3-4316-9bbc-a67158f74794,b
1a179507-73f1-4d01-be36-2a04270bfbad,d
6e0d5894-6d44-4da6-8ebd-d2c9ece4ccf4,d
94c09aa9-1f04-4528-bf48-54d5f394398a,b
2792a98d-67c2-4ca6-b7e1-7d6280cd9b94,c
4b86b460-c917-410f-9b9c-6dd08b5e358a,b
4c0801a3-0753-4218-b35f-67a8f1b40cbf,b
1c374647-6d67-48c3-9317-a55d3125aced,a
2e7f593d-674d-414f-bcd0-f59c77a89dce,d
78805039-ee03-457b-a865-66aba8a86a37,b
cec1d1e5-6d88-48c8-b5f1-fae790dba8e6,a
ba3d4d05-dda6-4b35-8e1b-0b7db7d698d2,c
a64b1738-8938-46c7-876c-8e6744c5ca01,c
177fabf5-1a18-47e2-a408-e81a15ed5687,c
8ed08eca-4ed5-4899-8cac-86815bf55309,b
871058fe-ba8a-4bd9-96da-ef30d0889187,a
3694097a-a0f1-49d1-a0e0-672e68a86b10,a
296ff247-6cf3-464c-af26-53c565d00410,d
c8c384ce-136b-41bc-a457-89db1622b165,d
59884cd9-2271-4b0a-851b-57b5887bdf6f,d
190f9248-cada-4926-a0d1-6214461744a8,b
3f5ae15b-8665-4f0d-8da4-f4320d7b9dc5,c
abe807fa-ca05-4cd2-927c-bb15e6caa18f,b
ac227159-6d2d-44db-9830-9608dd273a9c,b
84e639b2-1605-4772-93ed-a738f64842b1,c
d3558d94-e6b1-4950-b5d3-4dc0ac9d922e,b
577e4465-3e90-4289-8924-0f33da7f6048,c
f69a9b55-c835-4db9-a0fb-faf39d326524,b
5ffcac74-81e8-406b-aa23-b86413e7edc8,c
4a59a119-12e3-40bf-84c9-87f8dcbb986f,b
2e742828-800e-4599-9acb-aa05626141c0,b
8344f462-a90b-4ca0-88be-4e8870801f4e,a
de1e23df-d840-4acc-90ba-0c22cb190f30,a
603bc01e-51ed-45dc-a38a-b5ae64cc17d8,c
37515f19-2122-4f60-83bb-f9938eed996f,c
33c7af5a-d968-4cba-b735-a71e0f333f55,b
db7fbede-0723-4e26-95ff-0bd25c79ae0f,b
4987f099-81c3-442b-9a47-8d3c497e8614,b
d461a374-e8ac-47e3-8ae0-cc4a1d39609d,b
778486a6-7de3-4204-af0e-2ea3190f5d12,d
e2f30932-3059-4f36-a406-7021573ed9dc,c
f998a69a-3d85-40fe-919d-02a8cb6c8c1d,d
6a38d57b-0018-4b6b-b05c-8671968e9de5,b
083d7548-cf04-4a04-87e8-e28048e38cac,c
964186b7-e152-4c1e-887f-b61ce6ea3dc3,a
75307271-5d45-4be7-884a-5f2104452f4f,d
c770a464-92b8-4edd-9ba5-6a00c7f5b8d3,b
bb17c1ae-d235-4b84-b99e-1405524ee136,b
51256cf3-fc38-407a-af68-ad6ccf0fd162,d
8acb9ff8-a713-43dc-bd6a-72cb4774efc3,c
9bee71e6-dea7-4a9b-b0cb-76adfb2310ce,d
84a44ff6-fe23-4323-a8b7-8f8da3df3d34,d
082f5c6b-b51b-46c8-9214-337d568d8562,d
4d12f6b0-16cb-4866-8633-860354be508b,a
c945e343-9220-4ee2-a310-4e7caa8ba79e,c
da63f5c3-b629-4c81-8efc-de04b06403b4,c
7bc10c29-3c7e-44ab-b1fc-e0c943114dfe,b
6d1205bc-8df4-4cd0-ae12-d29b512084d7,b
fadca8af-af62-4d7e-9dea-266d41d78347,d
3064d518-5724-4edc-bda5-1b5ff815cf15,a
94ebd9dc-a362-4298-a18c-c0923704a5ac,b
0a55a0b6-e553-4d75-b6d5-57a9975bb6ca,d
481979e0-d2f4-4e59-8670-ffe38bd238f1,c
ce9cd1c4-ec0c-441b-bb2d-2f15df3a611d,d
f3a8af6f-9b67-4a99-814c-896660404cf4,a
cb3c4f8d-3768-496d-8e10-54752b2aac6e,c
507beb54-f44f-44c6-bb2f-2d8c9a28ef9e,b
1cae24e9-f689-4890-b6e5-dc20a9c60bea,d
29d83b0e-3d3b-48be-b084-e296803ddbfb,b
10c8469b-97f6-4403-b59a-55c0e10c5d34,a
71daa3d7-0dc7-4538-811a-d1d3cc70bab7,a
c1222fd9-76b7-44b8-86ea-54611277d53a,c
9f917736-245f-4fb9-8b8f-fb9b11ea9cfa,c
e3f3b93f-296b-418e-ab02-5dc3f0fdd4ff,a
845b8fbe-981e-4918-8dde-702d6eea5b04,c
d0e346fc-8389-4f27-be08-33008a79b0e1,a
34f3c67d-12e4-4369-be82-718df14ed89a,c
c92cecb7-47ce-4d98-ae6f-00c4a22c65c9,a
1a6ef80c-e2fe-4f18-9eb6-d67413af972f,d
a023d6c6-2e2b-4f3b-b0ba-a56deeee10cf,a
5a005ddc-3c8c-4d02-8601-1f20f0843aef,b
4244cd13-d062-4576-974b-fb56ebae393b,b
b4a85d34-3ce9-4450-a755-11b54de23f4e,c
75b1c984-0ff9-45c1-8532-8e092475551c,c
499af688-bfd0-4b22-b90a-08861bf13527,d
adb05c4e-0934-4a48-a002-16087f57a134,d
68f8b824-5df5-4829-a8bd-e8000a594b42,c
fe8de5f5-b3f6-4841-8c52-940137ce7f95,a
18f41659-99d6-49ef-a3ef-db6b391f92d6,a
50cd1927-113b-4230-830f-209894020072,d
915d30e5-d70d-4e1d-abf9-a1b154d69abd,b
82c96a89-42bd-4e32-86db-60f7f0ed6b1b,d
f998bb77-5850-4207-b1e1-2fd8504121c6,d
d07729b8-8076-491d-873b-22471c15b41b,b
b72f2762-03a3-412d-ac05-81083a0b3831,c
e6734418-037b-4a21-8df9-790bf5578342,a
39c9607f-af08-4733-a4bf-cb5a024f45f5,b
822edbe1-dbab-48b6-814e-3c7e60290e40,d
724f0df0-0823-495c-8899-0f3de04ac669,c
63ae3a15-59aa-482f-bb2b-3f7af2ce93db,c
04f9d97a-dde3-44a6-88de-8691185ed6f8,c
47315f5a-7457-4f91-b22e-32c34fef6f83,d
32f8ce98-ffe6-4477-8a17-f425da2cec71,c
dd36caad-34b6-4ce5-89e9-231b1af2baf9,a
f4001bb1-3343-4104-af4e-b8645c9cd80c,a
b43b3d44-9222-4785-aefa-4514ef3f3586,c
94e9d2b1-a7e9-4901-84a1-56eed7a87e35,b
0da44814-5e8d-412a-a739-cc75bfcb7023,b
440cde9d-14c7-4226-a3cc-880dc64c7f82,a
4446c808-768a-478a-859f-b4269fc33aaf,d
2fe6977b-54cd-4894-a300-96b98579a7b0,c
650dfc5b-aa28-4b3e-b058-7101553faceb,b
73aea5f3-1cf1-4131-be2c-afcbc107c9da,b
b52cdf7a-8a19-4da0-816a-d8f0badfe68b,c
33b8afbd-7c61-4a45-8cb7-03592e3a3800,b
a798720b-94dc-4315-b004-3f38bbfaa60e,b
675ac5c4-efdd-44a7-9ddf-9dfe9525a224,b
bb3eb0ae-e10f-43ec-92bb-b80020190743,b
3696b7cc-fb9d-47c8-b052-230741e96ce7,c
bb7c0be2-c6b7-425f-bcb2-cac2eb555f5e,b
73b77744-f536-4b65-ba3c-7de5e6adeec3,a
6b5f9a0d-7150-4c8c-9a76-6f1a27e69df8,d
a4b286fa-e56a-4921-b26f-f178ce7d1cf7,b
e947e490-b8d5-436d-8e1e-f682c41f5a46,d
cd81d96f-23f1-4302-9e6d-835255cbeb84,b
836d67c7-d444-4e4c-8966-c47382b7bef9,d
6c3abc5a-d378-4262-93f0-3b3b869016d6,d
073232a0-7a41-498b-8841-2d0921376639,b
23828462-ffe5-45eb-9bfb-72310bc46a51,d
3bc79592-c698-488d-8da3-0a1bc9db7138,d
3434ebd7-3f5a-46a7-97e7-9d4f5e21822f,a
468323aa-25d8-4e2f-b7b3-59b6d8f495e5,b
67f7e9bb-b56a-43f7-b4b1-7905ae564ab9,c
d4c0238e-98b5-4d12-8888-a0173fddfceb,c
e1d1ce8c-7612-452a-981b-f793afce4678,d
12fba279-ca66-496a-b7d9-7410b3a4b44f,a
447f3d4e-5dde-4584-94a5-889b5cbd2480,a
c83e0931-6025-4b52-b157-cadac6f444b4,d
617c537f-64c9-4e9b-a2a0-840dd4ff5361,c
b78e8209-4832-4162-98fd-499ceb1246ba,d
24f6c687-ec90-458e-bdd6-36c03a72aeb4,d
052fa892-7dc6-40d6-84bc-3d6a5bde0b3a,c
c6da5c07-b608-4c11-872e-eb2f7fcb9d26,b
3cc238a0-445c-4ad2-b051-81d3564e83e7,a
84bd2bf1-d9f7-47bb-b67e-955bc1a9d30e,d
ca56de5a-ff08-42db-93c6-9aba0893e4cc,b
723381e2-80e3-4ff3-a7cb-42eb2385fa4b,d
976a5daa-37bd-4af3-a7d8-9156a30f49b3,b
d44fdad2-fe96-4981-bf66-58a1cc65dc50,c
4f95398a-6661-4a22-abc4-0d89ae0ef938,b
3588e80e-aef1-4310-8450-71f7f81c8a0a,d
e104079b-88d6-489c-b9a0-620d0d2fd693,b
7639c277-3c04-4139-b045-d0b5ac05eec5,c
a7c05529-d326-44cd-81d5-5d023eb5f435,a
dca26b75-fa21-4c81-985f-7d55f1c49632,d
db9264bf-f7e2-4b57-8fdb-bd6c1535e785,c
2f6208c6-42dc-4927-91d9-2b124a2f10b2,d
57da2842-da8b-4c78-b290-ae05c093cde8,c
6566d6b9-c6b4-4a42-9a11-1f131d696a83,b
9f49c70d-9dab-4fa8-9c9b-909494b49e49,c
d059fa25-f4a7-44b6-b990-65fd26d14d7a,c
4be3de30-ff09-4b8a-97b9-9b886d33eed3,d
2b88daf8-a04c-4f24-b9af-3990a90722a0,c
435d98a9-c032-4b85-8219-b9d3688ae01c,c
d5d7d826-ab4e-43af-9e46-083af6c761b5,a
e96dac5f-effc-43b8-8ca6-bdad1aa0fb7f,c
cb9666a2-3521-4928-a60a-2751c57989d5,c
744ccd79-08a2-47a0-92aa-223ebb0ee9dd,b
f18e3bd9-b7cd-447a-93b8-b2c593dcd31f,a
861a54f0-f0b1-4ddb-a3a2-7051a2362d95,a
8faa580a-dfb6-435e-bf74-ba4bf3b9c83f,c
5ae47b87-c101-43b8-9d04-831b462ee15a,d
72ef3d7c-6391-47e4-aca8-cf51a6cdefae,c
e98ebed4-37eb-4fd8-bb8e-a2988d0d459e,d
a757d820-97e6-47ae-9b74-74f2ca73d3a4,c
77954928-c834-4a79-856a-81648304dfe9,d
163a02b2-0ddc-42f8-b376-a3e0340cb58d,b
bd32d761-b6a0-4fbe-8184-3cde5f6de3d7,b
7ebed67f-3e2e-4c1e-aee0-1b1f1be69bf1,d
957622b9-83d0-4229-b107-58678d2a22a1,b
220e1ebf-ecb6-4a8f-be50-3c6f1381fa58,c
21d24c6e-146b-4a5b-a9db-16e1f9b4e487,a
eb77f831-e4f5-4df1-a519-e12faf32b4a7,c
f6a1c6a4-c8ea-4e78-8418-d897f95e2551,a
52eb0402-773b-4ef7-bd62-a24d2124a43c,c
20701b8b-8719-4006-a22c-d954b7531654,a
56e08542-67a8-4225-a169-87b172b1de82,a
8a24fcc1-5f4d-4bf1-994d-0ed8adf5dec1,c
9431ff74-0c43-476b-a6fa-253705b0601c,b
1f3f1058-8c92-41d6-b8bf-60ec5432f2a7,a
fddeabe0-650d-4863-ac03-2ad6c0bbc7bb,c
44674bfc-0d40-4d59-8e24-c5f3eee401a2,c
f4543b6a-e600-444c-8ff4-618b9654dc83,b
5e4a2af4-3811-4095-bebf-7f8bd06690b6,c
ece58ce3-e299-4173-b1d1-c968142c7a2b,c
735dec57-2f52-45bd-95df-3d5439251f20,a
0e0fe58c-df43-4d0f-b31c-25f8425e40cc,d
f3683e77-93f7-42e7-ae13-bdf56ebbcde1,b
17da24c6-2504-4882-804a-d6568d199021,c
0eb0ebd3-9611-448b-94bd-a7274ef6e02b,a
8478e50b-0738-4bd7-ab43-0003976617e6,c
e8d46f49-7d91-4cc0-99bd-54d0f2c63b1e,d
738d9d51-e0bb-44b0-ad31-e50018bcd47a,a
894d13e0-720f-4ddd-b3fe-49f69f684cee,d
9e9cc23c-688e-404a-8538-3d3f5bca40e0,b
dab0c348-1ad0-4c60-a765-51d458b41e70,c
2b8c12b7-8105-44db-8d2e-dd61e5d4b14d,a
fd5f1824-770f-4678-b988-3d7708ed9046,c
bc28a0c9-e2cf-4f2d-9816-77f594fba49d,d
bf15b721-ba61-4e8e-bdc6-17d5e3b2d472,c
3afbba1f-4bbe-4ef7-9d42-1904fd0d4ba3,d
7c68f4d9-ab54-4cb8-85b0-8753fc13cccc,b
5c0f19a8-af81-4f14-a98d-1f417c24d0ef,a
722257d5-3179-47bc-a3ba-3fc7e6606c69,d
f884bab1-4706-4511-b09f-cd2e7e38746b,b
a9c491cd-aa17-4b91-8dfe-65af810af839,c
cc0bd67e-eb9f-49c2-bc71-54b975467f85,d
6cde52b9-976e-42d4-83a1-7670b064f505,c
68a1db6b-e509-4dd1-951a-07f96e4d1d10,b
92f4cc28-ddd0-4f6b-b1fc-1b311439b05a,b
e4b57306-1878-4c5e-ba76-e0b8dcad54dd,a
0b222574-c6bf-4bb8-8cee-a49452644f4c,d
b1db27eb-7296-4d45-91f9-89cf727a9cb1,c
803c2084-b48c-4d0c-bc85-7d7cff494f68,a
8cf85040-6aa5-4fdb-9030-a45e52da8ea0,d
2e7c0661-15cb-4b58-8dae-6d1d50d6ee9a,b
a5077453-47f5-4b0b-b5cd-80e43e2a8f77,d
bfa6ddb1-fd3f-4796-8294-8372ce00974f,d
3ab91770-f5cc-4d0c-8c0a-ba6038727a62,a
6561da02-d34b-49b7-8c23-4fd42fa7e53f,c
79bbb32c-422f-4ec3-b317-9c8450d81db2,b
83f967f7-efc0-4ce0-82ad-7176764d4460,c
9a2c3a32-f87f-42d7-b11d-ef98b396a409,d
4cc798a0-3095-4aac-9f4b-f52f56d11f77,a
aec8c4fd-f54e-4c60-beea-8892bd623e63,a
c6116d07-a649-4cd9-97d4-cf5623bb409d,d
6ae6b0a5-d920-4b28-92e2-179d01c59fd2,c
ad54450e-ab18-4ea2-87db-3cb58348ba62,b
956562ab-c2c2-4bea-8c1b-0ea7700f82f8,b
d4109e57-11fc-4b3b-bd79-f5e03373eb0c,d
a86fc353-85a3-4000-a350-6c1db8364abd,c
405fccbb-0add-43fb-8e27-8f027189aa42,d
799534f1-caf8-48de-b830-203a74e17355,a
f2b3305c-05d1-4f5d-acba-bfe860ca6b8b,b
be6f39de-cf7f-4196-a26f-0e933cb576d3,d
e7a0c357-a6ff-4dfc-8e78-8ab7584dd4c6,a
6763f352-753b-46ac-8198-41f720fc862a,c
246844ce-9868-4472-a66e-aeac41d539fe,c
82023927-6b59-4b2a-9b86-12cccb7eb1b3,a
0c62469e-a54a-4d2c-aa57-d50e69cad8a5,d
2d7602c5-c523-4184-abc6-41c82de12104,c
3f308266-7c48-4c52-bd29-1e03de8e65c1,a
7a209f5d-58d4-44ae-9936-5d0bc8c31236,d
7f25d850-c037-4595-b43e-e0d615cba830,a
13c991ca-026b-4f1c-bcc4-8c12df1c3044,b
7d1c22bc-1f4a-4e09-9050-3f2be992c5b6,c
196209a4-0b5b-4f01-81b2-4fa9923037ee,d
08b48c1b-838c-4df1-85ea-2eaa86510b2a,d
bc681fdb-486f-46ce-8c90-b3ed706436c8,c
2cd280b5-36d1-4117-9335-1dacad42f491,b
e78c7272-57bd-4fed-a8e5-30bf61d18634,b
92e6602d-4fd0-4fdb-8231-5ed892f6c53c,d
d7887cea-02bf-4d75-a0ba-f3cbca06ca38,b
78343090-ede4-4f25-b14a-61d822a01940,d
e7814c46-a67d-4ca4-9c7d-81e6f56f9252,c
fe59e5b6-7158-40a0-a759-453f3dbdd815,d
e4b60dd9-c0a8-48e5-948e-e1505414f42a,b
dd4a3529-d3f4-42a2-8164-0d1bc6c9dc73,d
20fb23f8-3ede-4941-85e1-f72df516711f,b
29bd58e5-50e1-42fa-9a77-1b9676537e04,b
dedc62e1-d000-48fd-9863-b4100960346e,c
18b242cb-74a4-4bd6-bad6-2fe5ae3036bf,d
36a817c4-66e3-4f87-a2cb-79f806c61fcb,c
99d97b54-1bb4-4be7-9453-fc36784a6b38,a
5a22ed82-ae54-4bc4-ad52-ef8dd46ddd21,b
8b914de0-8d4a-4140-be68-cd399b49fc9b,d
c8365c8d-2083-4362-9ffd-9e037ea3a68b,c
e821762c-302b-40f0-b24f-5c10e3b0981c,d
f707af59-510b-451c-9655-ff9d8106c1c8,d
cfbf3796-93ca-481f-aadd-5a57ab839dfd,c
a481e0fd-96d0-4b81-8ecb-c8325d517d09,a
a4ece5d4-1db5-4bc9-89af-8d23b1eb932f,b
90b7c146-02dd-4839-a7aa-f280113bd35d,d
16a8dcd8-1f44-4da1-bf76-c8d3962512d8,a
1d403797-fc17-4391-a93a-1be002f6a5e0,b
e9ea4236-ba12-44f5-98b5-040ff22109a7,d
9c5f3364-3dcd-4b04-9f21-a5d31951dba1,a
ad416125-7cf0-41ce-8b88-cf5221cd4164,b
df5f5814-8c66-444c-a5ce-d59e729b0925,b
6eb5d299-3dc9-4244-80c9-1963ab491160,b
d26e8071-f36c-4e87-8441-1bc885bb50bd,c
2d6842a5-8648-4257-9e0c-73a187d41395,d
182f30d1-2b5c-486a-9620-34b6d23ab242,b
d85ccf8f-78f3-43e6-bb4e-f3583a64d269,d
fd421c36-d557-437e-a0c7-8c80197189b9,b
138497c2-15e3-4d81-97f7-64a31ae734ee,b
a589ab8d-9f1b-4994-b823-ffc81eb4ce9c,c
74b1d372-b6aa-4753-990e-7f42215c7b96,a
0a8e42c8-79b3-493f-830a-25fa716665b1,b
f0eeb7c9-6c61-4553-a207-fb5cda58baef,d
20b36370-80c9-4921-8eb4-7ceff50e4cb8,c
6baab041-051f-4202-82fc-0db7c7435d0c,b
0b99c60c-94f1-4b2e-8f15-16c6c63b1f6d,b
c8fa0b32-413a-4197-a118-d5d17beb181c,a
540d1ec9-c2f3-4548-a714-076ab3f9bec9,b
4a360caf-46f1-491f-ab8c-5534b61109fd,d
1bf5f301-acc5-44b4-8ab4-bb51bc83ff7f,a
25e58891-ff33-474a-92c5-db3db71db9be,c
1346d3bc-f0f5-4b6c-9df0-8b5f67f77945,b
9674d00a-70df-45a7-9782-895b6087938f,d
5402387b-e9db-42cf-9bd2-e282764c97a8,c
e338e4e2-819d-4604-94e8-2c4df821e18d,c
bb08369a-f8c4-4da8-b686-5eb5a592f359,a
1fe91555-4852-4595-bb53-9a9f3d8d7de2,b
5e48dee3-9c90-4f1e-b025-02f68fc4f063,c
6b267fc8-d2f8-45fc-83eb-e1995014fef1,a
182f7358-a837-4ee6-aa6d-46984856ef0d,c
3227eb91-037a-4ff2-9dea-1f9a4c5a6d47,c
68e5b04f-ec84-476e-84cc-2d4741e9f776,b
d21933fd-d77e-48c6-9b1a-c525d2587c9b,b
f7f6014c-9ea5-45d9-be0d-e26c44562e61,d
9912df10-9c31-447e-a782-cbe4ccb33824,c
3394729d-2b17-4443-b565-44d54dcdb8ef,a
ab0a7ef7-1ee7-4ca8-9f60-a620eccea00e,a
987cc81f-41f4-4d6a-96f7-e9612d55bc1a,d
ba9f5ac4-2620-4dd0-8148-7ca5272e2c03,c
f6b7f267-4145-4a4c-9c54-191ef7ddd201,a
b77aeff9-8ceb-47f5-a8c8-82ee114e400d,c
a343f856-944e-49d0-9ad3-06b14720d87f,c
19432214-93b5-4860-8b67-7e4d12812c7f,c
261430ad-1f6b-4ecc-bd1d-622792ad64f4,b
7bfc3115-16d5-4a06-898c-7512471446d6,d
aeb93e94-c733-4895-a74f-a64f2df8f08e,a
b00515e3-f0d2-403a-bbc9-cbf170868139,c
964845c5-a339-46f7-bcd1-93fcae1e9a79,a
29f33bec-8609-45bc-9b35-47fc957acad8,b
3640a666-e79d-4428-b7d5-1d882f7aa27b,b
184c90aa-8331-471a-83f5-edab9bf41d84,b
45e43e51-ef18-400f-ae29-e0055d9fc84f,c
29f7926a-6032-4ce4-a701-515bcb0d3b9c,c
bf93d64e-4f7d-4b3a-a426-5bec927dba30,b
05bafc3b-6208-417b-82a8-e570939c31f5,a
eac56ce5-ef87-4054-936f-9baea4c7fa51,b
27271914-0bd2-474a-bc79-a94f441c8a9b,b
48127e0a-1a8e-42b6-908b-fc9f86cb2d71,c
3692d114-dd0c-4bb9-8d85-b67fc358edc3,c
16f07c30-637b-488e-a6ed-3767279aee79,c
f7b555f0-4cad-4c00-917c-e87f521b523c,b
f1efe374-4069-4df3-a965-6161d46e8357,c
a4c89738-088c-4add-91a3-1eb99d7e0aae,a
92c01e01-3f4c-418f-a780-9c61c8162c16,c
ec579d32-c265-4fe7-8cb8-8416ffe06384,c
c6a0917a-fa83-4e4b-b114-1afbea6946f2,d
3ff872fc-b194-4f72-a983-5b9ef4f79a44,d
fb9f43e5-fd75-4ef1-8579-e7f208c3c303,b
d5681f03-9017-476d-b8f5-c7d033f8a0ad,b
b37d1fef-5706-4ebf-a529-cc1294f8148d,b
10c18e81-10f9-4eeb-8651-4a7ae99f3c40,c
273e6632-66dc-479f-a200-cd858ec65ffd,a
dae9bb74-fcc4-41ff-8989-b779aafa107c,b
7bb8672d-2332-46d6-80a9-e9221a68aadb,d
cb2400d9-88b3-4403-bf9a-0ac7da563b23,d
c376efc6-87d2-41fd-97fb-c80456f28f95,b
5407b4a5-7750-4d3a-af89-a6ce820a65c6,b
324607ca-e949-439b-8067-02c781bb0438,c
b6792b64-b2b1-4653-8011-12bf3fa3a042,c
7c59a944-f120-420e-a121-98f073fe3efb,d
58426a89-67b2-43e2-9002-5e128fca9cd5,b
b8e2bad1-b365-42ca-80e8-6086e819d851,b
1a2234b0-26fb-4c50-a8cb-dac2d1402dbc,d
073389c0-ee3e-473e-89d7-312e30d70d08,d
1479d34f-e024-46ca-9987-f7243bb77184,c
4cf9243a-724e-4367-a86b-b066d8e27f94,b
0f6847cc-3b92-4702-a48c-790ee38939e8,a
c4aa9eb9-fbad-4a01-9e95-692c9a2b88cb,d
eb75c6f0-52a8-45c6-984e-91303039a7aa,a
bacb7337-1318-4f38-91e7-b5555aa8c68a,b
db30ab6c-b7f1-4f37-b44b-9cc29403ae36,c
a5dfef34-80de-4586-a9c7-2bb156f70730,d
39bb641e-f3ab-4f67-a8d2-717916707c7c,b
45db5755-bfa2-4349-9ea8-1281ddb1508d,b
bf27f881-b9b5-465d-b3e3-5f88ae8dde39,d
af4099e7-7483-4f9d-a564-a3fec7873fa6,b
e6f6bdac-423e-4be5-ac06-524485bc2ad9,b
b8cf9ad0-e1b8-45e9-afa5-f559d1aa9896,b
aa6c14f2-044c-4313-8413-00c67cffeeb9,c
c7095318-6518-498a-930c-288cf4e06bb9,c
064e6aee-833e-4c13-bfa2-dd6329b228ff,d
4b098cfe-ddb8-437a-97ee-418bb3ee72ee,b
fc41513a-b404-48d8-ac7e-3ff1e3ee9c6d,d
cda35e04-7308-4344-b55f-a101c4839c49,b
7de99458-e8ec-4272-96d2-f0bfcc16d565,a
d44db08b-481e-43b5-b56c-04dc77238799,b
57983449-0a2b-409c-8452-9e82976ae5e0,b
728917d1-835f-4ac3-ba71-ee2f7d25244b,a
eb6d0f81-9141-4ddb-a4c1-5909a8126b73,d
27f3595e-dcc3-4a1c-ba94-beb80a5d177c,c
94e96f6f-f252-446b-acc4-1fdf7adc5276,c
9a20fe2a-29b7-45ee-bec5-487c19ae3b77,b
dd9403ff-efdb-4eb5-a373-c10f4b5c7cbb,a
f848eaff-e358-49ef-9ddc-e1ef2311a8d2,d
49264281-27d6-4718-a703-41b905a32e59,b
80c9bd11-6c73-4536-aa92-191d9d805678,d
8e8a92ad-86b4-4b1c-b830-05086b26a114,c
a5a928c6-7aee-4848-8422-f00f2ba59a64,d
c823eec2-d314-47de-aea3-a6db9d6eb654,c
b99e687e-b8e2-4095-b489-5ed25bf98a59,c
6db8808b-ea49-4758-b4b9-d1f32fb4111b,b
665df172-9d6a-4f89-96a3-a360c18d2cce,c
96e88896-c3ff-471f-a96d-6920a26780d8,a
1d2034b6-3697-4471-b335-0627cdbd4d95,a
82fee03d-91f0-45b4-a528-245e707d9965,d
cd5338d7-641e-4048-af12-86578ccb4f64,c
cb29396c-d613-4056-be85-2f2158340285,c
2eb582b1-9bfa-43a3-9aeb-2b6909914307,c
f4bebb98-3220-4913-b695-c9a7fe8cbb30,a
7c7c0ef7-fdb4-4bb6-abac-fde931072f83,d
18971590-8c4f-4a98-b767-bedeefd8e3a4,c
cf33ab0a-da34-45c2-9873-a7d45bea43a8,d
734b3009-10d2-401e-980b-ff27dcf206ba,d
bddecd0a-72b4-45f8-aca3-72fff10dda08,c
df14d8a8-904d-421b-adb5-17625bbe60ac,a
f24d1719-8ddd-4016-9b59-27644f3bf978,b
b0dc7d8d-8bd8-4429-938b-9aac7b8eb71c,d
1e10ccca-f3c0-42c5-80f1-fc96ceedb731,c
6ec88ffd-efb5-4976-977d-c6596fd1acd0,b
5d821b1d-17b3-4104-86ab-fe4981af3ad2,c
ef6e3dc1-d586-4b52-82e6-0413344afb2e,c
9a0fdac0-b92a-49d3-9d99-b3419c250667,c
1a2ef7c9-1701-4bed-b6bd-4640a98ad6b6,c
1299f6a6-e0d5-42b7-b2d3-dcd88f53b792,d
0c02ed5f-3137-4a9e-8bd0-271f4aa5c750,c
37edde33-5d77-4268-9b74-fae0b40dc879,b
7ca205f1-8965-4dd1-9e33-f86c2afe16e6,c
d24e6b6e-3d11-4cb9-a7b2-3e9baa0025a5,b
cdbd3cdf-9b72-4220-a813-9d3294475ef5,c
7e7810ed-60fd-452e-b499-c45e3a673f56,c
a4192b25-e36a-44ad-8125-3684a85cc7db,d
9a118f18-0342-4b2a-b1ec-960b14248912,c
787fbbed-efa2-4eed-a0bf-41c2a3060732,d
fc52e988-6b5a-4249-87a9-8bf890f9dd79,d
7d0e2334-2960-4d75-8cf8-496e9d6925e8,d
df3cfcaf-40ab-4661-a545-4641410aa5c4,c
d4417f57-f275-499e-9447-66de78bf27c0,c
64a40eae-38fa-44f2-81d5-f03056c37252,b
8c54ca6c-09e9-4d68-8bf7-cb48b30791f7,b
235e1624-c389-4676-b629-4e2df8d36cea,d
de617600-65c3-4574-a5af-d42e896bcce0,a
5629acf8-b89c-450f-b961-3ed3791f36da,c
68e9125d-0cf3-4a31-8d74-161ed1153231,c
5207ec4f-5675-4ec0-9d96-847980292531,a
32eb7802-60d9-4823-864f-d38a6d2b8531,c
7bf0d54f-f325-4673-981e-d58147c6f2e6,b
1b450145-a0c6-4514-bcf0-16a8d8bf2d2a,b
44fd6017-26af-426d-a37a-8ae589487d89,b
f60d3f8b-3ca5-4c23-9f58-671ed8da566e,c
993dc72b-471c-4817-8005-d8ebc3cbf8ed,b
53baef35-9728-4545-b4af-d50149bfa109,b
e466318f-6597-4400-9278-b94ac6a895ae,b
cb2c605e-dac2-4392-a3b5-13f0beca3ee5,b
7d8df32b-4a17-4852-b9b5-7dd3ffafc0b7,b
b66cf3be-b36f-4f6e-a9b4-bb5b3aaf4269,a
648dd7ee-a2a6-4de2-a706-5bc4dd108707,a
a8547496-7d1c-4a8c-8384-1e3abd2c0e2f,c
c6aeb65e-62f7-4ed0-afe1-5e2ef0abaee5,d
aed6acc5-a2fd-47d2-99d3-27bfaec45192,c
c2a9d084-77f8-4b19-9aa5-a0b4ec65f5e9,b
cf4456ab-8eaa-4c36-b4d5-bbbf19fd209f,b
d0870200-a35b-433f-8bb7-e6859774e28d,d
3b5bcc99-82ed-47ce-bf4f-bacda3649597,d
d6a1ee5c-6613-4fd9-ad1e-539af4f95da0,c
e3109300-d710-4929-8364-25bc60b88560,d
0a4952cd-5299-46c5-8058-bfb0ce29f04e,b
7f92a648-994a-42dd-8b44-c7f2292d0ded,b
792c8c06-8a4c-49bc-95df-3b5eeb598dd9,a
4ee49611-c211-4ba9-b441-367f0495bc6f,b
c9167f5f-f3ad-4cf6-9f3a-61b9b6d4157e,d
7efabb6d-d771-49f3-9600-df8ae480238e,d
1fdf572d-7638-4ee2-ba5b-159c30c5ab64,b
86a02f7d-acd5-461d-a179-3929771462e4,a
77b11a9c-2980-40c3-9111-2f4c6d5ec2fb,d
a3165bc1-1df5-43b8-b78f-06a811a17d32,c
ce11b75c-42e1-460b-b8ad-cbe7e1a28f37,c
a2cb491b-f4bd-4962-ba43-e7e67d329af8,b
4671ff23-4faf-4d0d-86ec-bf717b387834,a
5f79254f-4a2f-46d3-bd0f-66ee8cbebaf1,d
77e44c3d-40b7-4da4-bc05-d763ba302334,b
e64473db-27c5-4273-83e4-4b8057cfefdb,c
bd9f6cd3-1ada-46a7-943b-7cbcd247d466,b
e777a15c-720e-483d-8d66-ee3b80addcd1,b
a44eadd3-9ce2-4e1a-a27c-026aeafbc954,c
35303c4f-ecfd-41f9-8492-ea0a123b2a20,d
a41c79df-6047-409b-963a-db30f1d0863e,c
578f3ab4-d5fc-4311-a27c-fad113ed690d,d
6a8568ba-5401-4c4c-b0dd-8fb1681b61df,c
ef3a30f7-0e23-4048-9ed9-e159d13ad35a,c
5e340c83-abc9-4447-99eb-6b8cbea4767b,b
d1faf3bc-4155-4a3f-b2b6-d652b50c65b9,c
dfe31840-0edf-4d79-a1c3-6af755d3c6f1,c
c0db27ef-cc4c-44b9-9442-1006bc7af928,c
46bc0f18-da8f-4058-99a8-8df05a628eb2,c
68820683-5659-4d11-95c3-72c9157d2a67,b
f886abf0-5476-480f-ae61-c3e5e5291cc9,c
39f7eb2f-4ea2-460a-bcfc-f76869c25206,b
6b88869c-dc26-4e25-867d-dd8267af631d,c
7bf7cb2e-b848-4e1c-95de-fee386c84fe1,c
d6bace61-cf16-4729-af80-ba4280f4351d,a
8c5874e5-021a-4f75-ac73-d288ce7199f8,b
866754a4-29e5-4c3d-8dc1-7ce8bb59f06d,c
0a738726-51a5-4a76-bec4-e00e8a006fb0,c
be4069c3-83c6-4fbb-9027-d4111da2ae4c,b
f750bbc5-9da0-401e-b137-c9a8166b5a02,d
81a981bb-8c13-47cc-b94a-e3bfd440e3a4,c
ea18ef90-09e6-4f59-a936-9c62d64631e3,a
2303f672-9948-4ac4-aea6-fcb1c64a784b,a
931fdd67-bbfa-4a7a-8804-b74c4d465111,c
48481799-541b-4d95-8ef2-11da7759acca,d
013dfeab-e7b1-4d78-813b-1c70de9d08b5,d
b4ddd36e-65ac-43aa-a714-446adc036859,b
8b1b228e-a067-48c8-81be-a4ec61212920,b
274e28f0-a8f5-40a3-82e4-ff51303cf812,b
2c8cd18f-1c88-4f69-bccd-bfead191c72d,d
45baa699-af3a-4cf0-a441-af322f4f0e7d,d
2d9b6d2f-c728-4bc4-96df-f0eb7f458509,a
da628a42-dc19-4f7d-8c29-c6d22d8ea296,d
8d2c757a-9e51-4ddb-8796-86af2a406561,d
86fce347-f953-4fc7-b1b6-ccc234ce2243,a
acd6373a-bac7-4538-9764-367d08c9a564,d
07b217da-e8b4-42cc-8207-d4505362548d,b
ecc375b6-c285-4e1b-aca0-9131a93c9095,b
439f9679-271b-4aa0-b4ba-b62164f5b9a8,b
2f0a35f9-c4e1-4496-a943-56253344749a,b
11a684e1-c81a-4ffb-9236-321a16271160,b
b9a40a37-550e-465b-a7f0-4e0aa4168e47,c
6349383a-cebd-4ce8-83d8-f9e2e8ffacf1,c
768b404a-9217-4816-adbe-7ad65e4cb132,b
16061773-9da8-46b4-a33d-4078b185aceb,c
cf074a9b-fd81-4991-9540-88ea2e20f26f,d
8a3e31b7-5eb1-454e-a0ea-a91996a17391,b
c6ee675a-098e-4f41-8149-bfda96a0bfb3,d
b36b9fe9-2d35-4d50-a695-7cbacc84fa2d,d
209b65d9-6b16-43a5-b05c-9e37d0f39e9b,d
0deda0a0-241d-4737-b063-2d2328d21f31,d
ed440c7a-f8a2-4d29-aab3-033eaef19497,b
2bbd3853-b961-4d21-9526-10acf2a2caa6,b
b3c502de-cab6-42f8-a864-0bc77ce5219e,a
35400c66-881a-49b2-924a-6aa88c4e158c,c
5e79126a-57d0-451b-88ad-9a18298fb128,b
ab7462a5-ab7d-4a56-9876-ed7311e62907,d
4be81ed8-2204-40dc-9e20-69537fed4183,a
8b7ecfdb-3d5b-4595-972f-ad65507cd490,b
c43a555e-8b40-4112-ac87-8a3e106004ff,a
c97d7d0a-59a3-4ab6-b6d4-8ae2b047a677,d
522d3550-c46d-4bc2-957b-e2d22670d564,c
296efcd8-16e4-430f-9fc8-85eee71dc28d,b
8f5d867c-c7d4-4e91-bf49-c6f043763ac6,c
7b2a60e6-6f0d-4bd0-a7e2-ea1d81f05388,c
3aa9bea2-ee61-48ab-8191-c78611e825a7,d
ff604784-a961-4a84-a067-313749cb54f0,b
7851064b-bb6a-40b3-82f7-022dba6d24b6,c
e49f5210-3ad8-4ef2-9ff2-6861e7389eee,c
75590d64-d5e5-4d60-b73c-c2ad7e318f5e,c
a6028147-8805-47c5-a130-e985cd268acd,d
1f34f6bd-ac81-4f6b-a927-aed61e1f6810,a
73f6e1cd-4af6-45d0-97b7-40300387fb84,d
9d038709-c2f8-4492-8111-d4c997d7c494,c
1ad248a3-cb1f-47f7-a19b-486a8649cc19,d
6ed8b9a7-cb08-43bd-b871-f5fda0851b71,b
0ab36ef3-2452-4e98-b201-97769eab5b08,a
cb1af471-efa6-4270-919e-96e6182699a9,a
b0bbdbef-fc8d-4c80-afa2-6cb0feec4dce,a
8b8f5875-f6de-43df-ac9c-d7d287def9bc,c
e472b3ab-940e-4e7a-9e2a-072df56c3bab,c
46b3a4d6-2f42-4166-aa6b-27411c78759d,a
28d1037a-41ea-4b77-b96d-ae63b05089db,b
21e43ab2-22c0-403d-be46-91a0c82efe34,c
6c7969c7-b871-46bf-974e-4204a9c1f26f,d
f5c5367b-6f42-4d7f-9d16-2d2a7c719d63,b
a8c1165b-3817-416c-b3aa-133ee896a7f6,a
29726f11-c731-47ba-95db-d66ddc4d8c04,a
b47ab27b-0efa-4f3d-a632-14018abae15e,a
bf7c0540-84c9-463b-a322-bbc64086e968,d
22422784-0679-44ee-8bbf-80ab3651fa1b,d
6881cb6b-8558-4eb9-941a-6f54e74a22b6,a
8eb840de-c167-4437-96a2-250fe8a478d5,d
dd41b54c-f3dd-4330-8d4a-d4e840ab60a4,c
c11e3bb9-9500-41c7-bf17-7b71bd3d50e7,a
a1c685c7-a779-4256-a9d7-e86caf7fe9bc,c
7656ad6d-5f95-4710-91be-da35b39afde9,a
93652890-9d8f-4d8c-815c-ed196930faa5,b
8cf27a2b-e58f-4f00-b3a5-739fe527667d,b
776faf50-5518-470d-80cd-d449aa2fe120,a
7cecf89a-9e4f-47be-9ab8-c6da7e55f4ef,a
aec581ba-a9c6-4262-b23c-3f235bc5a052,c
618117ba-d98b-4411-aae9-76a5e7924a0b,d
2445966b-4af9-4aee-a3ad-08fcd8c04db8,d
622b74a6-4562-4552-bfb6-2dffc610f50b,c
f265e4a9-1ea1-4bdc-98a7-6dd433aae471,a
9a93114d-2454-4eeb-939b-f09ae3ab554c,a
3381f9b9-6a31-40ea-b123-6dac8d6a3947,d
ffc84ead-325f-454b-952e-ece2014e6fc9,c
2cbad6b2-44c2-4972-b1c6-2cd00ad564f8,c
4471408c-efb9-46fd-8324-f2af962dbfad,c
22a1a9f2-b4d7-42e5-bece-070cd0b62bed,c
3e36d0de-6376-4bb6-9925-4349aac8f342,c
3f012645-4431-4ccd-bde2-37427d6e3503,a
453f9b25-3f38-4305-a164-181fe95163ec,d
73491b5e-e4d8-4a34-8e85-63b1ef1224bc,b
18268a62-bdb7-4523-9119-ec2a88226004,c
06d36388-e9ff-4734-9d37-d73313958e58,c
19a0a22e-4b60-4e45-b190-19b2cc112c36,d
e827166a-4409-4a1b-8a54-92f37090ca76,b
5601e323-9b22-48dc-be7e-6ac3479b0958,d
ad073328-db98-41b1-8c36-f754b4f0d87d,d
669a25db-0e3b-4311-b926-227a4233122d,c
6d963033-b4ac-4d98-910d-03b8497a9d08,c
ffcf8f5f-f932-4093-aaf6-003580bfb97a,b
0a95370f-e33c-44ec-bf14-11f1a3ff1e42,a
727558cc-4788-4508-9104-76854775f001,a
8fe5efd5-13d2-4a2b-ae0c-c00e46522b99,c
370ccc2e-27e8-4999-b08c-f568be264588,a
f310d499-0a4f-4a87-9c10-21d1ee7d07f4,c
875655b7-e4db-4991-9eeb-b2ae4936ea1e,b
020e758b-ed8d-4aaa-9332-ba7f7aec9055,b
d8096ef7-6ad9-4ee4-97e7-0bdd3b019584,c
c9dbeaff-8766-4f9b-885b-2a34486f4d3a,c
b0dc87c8-5f54-4684-827b-dc262af8e8fa,d
13edb3ec-bcb7-4f23-a0bc-738a9abe57ef,b
7f187224-3558-4775-8198-ce53bf9bfa7d,b
96127d1d-8980-4450-9cde-5d0739633893,a
58198d5b-77fa-4480-b2be-41d5266ea7a2,d
43dd2891-9f15-469f-9b0b-1886fd29b6f1,c
56fd30f0-d64f-4638-b241-d824ec29bd3f,b
90197602-848c-45b8-9f44-93386ea9fb97,d
704960c6-ebdf-46ed-bdfa-410d2f2d094c,a
11b96e3e-b115-4a3c-b2e8-d97473dd5d56,d
94610345-0da9-4f27-868b-1239ff173ac7,d
82ee30c1-1cbb-4138-938b-c33e9bdb7179,d
2088a2a6-4bac-433b-a873-1e36bd383fb2,a
1175a0c0-e59f-46cc-961a-91e1a05e8943,a
10e294a1-39a9-4ce7-9587-61926052bca5,d
8b224a2d-6552-4d58-a17f-02f4310a5f0e,d
d7f151a5-3c83-4307-a8dd-8d535a493ab7,c
a35e2504-4e39-407b-bae7-13dd1dec1456,a
b842174f-887a-4560-936c-e9d38e6990d7,d
a1c869e4-7237-4c19-8ce8-935dd90ae0fc,b
1763f19a-2078-4d4b-801f-1af9cef71694,a
b47d2148-d434-4fff-a8d3-19f58c2d4b86,c
32a475a8-139e-43d9-8b0b-3a14e88ea67b,c
0183f620-8324-450a-8c04-848e4acfe32e,d
5ca60ec8-7455-4e55-8f6c-23b7d6ad25cb,b
19bf854a-9e4f-4d80-8892-59c7abec4761,d
42c2d639-4436-4c17-b57c-f87960f8d51c,b
fefdde2f-0585-421b-ba5e-40e6cffdd8c5,b
199e812e-429c-44d0-ba22-4c2c3c75f744,a
234a42ed-4827-41c2-a683-69533abb9081,c
cd6954af-6ed1-4c9a-a1d0-df7b0663d166,b
d9964965-b0c8-49ff-8367-588595887a04,d
80b1b7e7-310c-49ae-9b47-3d8266d471e6,d
9f4759c6-6b6d-4340-93a4-0bc4f9fb6e42,c
1597ab20-1c3c-4bde-8bab-fa1f4d1e7b56,d
2e2c7d01-4138-4049-b216-dfe1b6409d67,b
0b87f473-3ef5-4408-acf5-e8492e3df63d,d
1c30fa9f-54c3-4b09-af9a-0d9f5e8ac6e3,a
c04036c5-9e0d-429b-b715-3c4d81470b09,d
c30bd346-f08f-4b6f-9458-f4bb3ed21144,c
9084ad86-8ba1-45d5-8212-8058d3fbcf0f,a
18245a10-7d2c-4577-a8b2-d0f36c12f29d,d
a9d74eeb-5225-4480-bd95-448d06759f7b,d
2ff5b6fa-0aab-471b-a2a0-b97af0ec6a9e,c
ab8e277c-fb57-44d5-8dba-ebfba24e4f9f,d
0d66dd5e-272e-4359-96f3-e0c7bfab95df,a
85bc15f5-f7b6-4c2c-8140-ba90708bf96e,a
b7a0ce01-cb09-4259-a004-34c70c39a601,d
0fadb29d-d045-4aa1-90c2-6f60e4cbc3cc,d
7008834d-f932-4b7b-b60b-322d4d80b9ef,b
e6706aa1-44ff-472b-9fed-54ea985c56ce,d
389df72d-755f-4120-a41d-8046b03bb0b0,c
4234c287-6cf2-4c26-a840-4cae694f658d,c
0aa3957a-c668-4c77-b64b-b831a2b80297,c
437ae4a1-7595-4b5b-99ed-b17245b0eb28,c
d9873123-5767-4238-a78a-16c241bc9e7d,c
b1e7bf08-d076-4b23-b5f6-67d68c1afaca,c
e8c7619b-098b-4000-aacc-315b8003b9ba,b
51a4540d-45f6-490c-9e13-1ed8ca05fd3c,d
ac36cd70-ba82-4208-9178-541feb054990,a
c270bee8-5057-49aa-b70a-fcb241a3ce64,d
4086a444-7a3f-4e2a-80de-c5db6d667534,a
e119c6fb-0637-4f59-b24d-97b53ca7e76e,b
b72e6cae-6320-4e34-9d81-9246cb0398ca,d
39a9a4ad-b122-4554-9776-0b6be7398487,d
2e4a26e4-d1ef-44ec-8356-ad33d47e739d,d
3229d7fd-bf82-4110-9e17-0767a9564c2e,d
d03757e4-5c56-41cd-9aa1-e6ace15c441c,d
13d7ad6a-ce6d-4021-904b-3155a451acff,c
c3a9056b-e1da-4f80-baea-44cba357f1d3,c
fca3825a-cefa-4b8e-88d1-dc1ef42e80d9,b
5e5a1a4d-3e1b-4481-8fcb-ae28a98d16e2,c
c09ca938-af11-4124-9429-066b9ded5f18,b
67dc4800-2e97-4880-b0cf-55eb57432818,c
b475efd8-8668-4026-a2b1-d8bfd06f8ec7,c
2f130368-4e19-420b-98f1-24148d591453,b
7bf7554d-4e3e-4981-bb6f-8c7a42e019a2,d
5ecc4827-22dc-40d8-856e-9b92fcef38af,d
df815932-9fa6-4c46-8899-357172d264b4,b
5eef068d-a12b-473d-aa51-a427e3efeea2,a
325788c5-5664-47b7-997b-dcd86ab9c558,c
2ac98edb-a8ac-49d0-8e67-766ccfc061d0,b
42fb4e42-561a-469f-89bb-ff4aec204f13,b
1ee0dd24-81ad-466d-a95f-6556c6e8482c,c
9333d119-36d9-4ced-983b-9d3f66385cf8,b
f1cdef7c-3c28-4bed-9b9c-e0513eaa6025,d
5ce04058-35bf-4a0c-ae21-4c357d83f7af,c
d7221162-19a1-4773-b7f2-2020ccc4cffc,c
6344913c-04ea-4d3c-93eb-03972db0c623,b
4f22509c-3f03-40e0-b25a-c72ba6d4b0db,d
c87cc145-509c-4c64-ad56-1664205b41cf,b
9a16fe7b-1b24-4335-9583-19a49fff92cf,b
b52013c7-761f-4ca3-9a55-3b6c5417317f,d
e926f585-7582-4277-adaa-e1f873628e7b,a
3a93604b-0882-4fff-a3d0-e1eeedeeeb7c,c
cd8c534c-baf6-4cd9-828a-25befb3ea0b5,b
083dd10d-c526-48da-80cd-c409deff1b8d,b
d56cc7da-9fc2-4fdb-9dc6-74ff283021c6,b
a8c96199-1ce2-4e3d-b5c2-3561a56094a2,c
d4eacb48-680a-4254-99de-092eed792609,c
20e2837a-2243-42bc-b075-01ba7aa1c7e0,d
e2a5d0b2-d81f-4715-bbf1-1cfa53e94ff9,c
e3cf2e19-2a54-4363-9d0c-ccda8b7193e2,b
8e267234-7e5f-41d9-b527-602b830ca3b1,c
2af868a5-a4c2-44e8-9ba3-1f59f2d8298b,c
6f35cbf7-670b-4d78-b308-b5288465a3d1,b
64aa70ec-c86c-47d9-822b-337088a06de6,d
bcab54a7-7438-4b47-8c6d-bbd05db0ea1f,c
d35df652-974f-43a0-84ff-a96e0ff5276c,b
d91ec951-0d09-4d89-a997-bf486c28d49f,a
edf07e52-181a-4a78-94c7-5dc077517b3a,c
3ea2006e-8705-4e39-acf6-09bbfeab98b9,c
07425b64-6222-49bc-a3e0-fa60374a0d54,b
89fa8f95-b223-4989-b6c2-dad25db7151e,a
e2ea0d0a-7f15-4516-9b7e-d15fbd0d61ff,d
aaa26350-e182-4347-bfa0-e4f233761d14,c
e382984d-e8b0-414a-b9d9-37a013c87383,d
c5f011f5-f402-4d7e-bca8-616aeefb5517,d
5cd29212-7132-4597-9e0c-791a8258b01f,c
0fe6cd0d-6c91-413d-b3a7-fd77c5d2cc1e,a
e2fa1994-6fbf-492f-a800-4beedbf78a75,c
f4303467-3da8-409c-8f10-4a87e0a26590,b
74e8f6c0-1d52-480c-80a2-9236124c074c,c
45449135-9472-4dde-81b2-6597e17843bd,b
9c8dc052-44b5-4b8c-a485-078491bb2cf9,b
e2468f67-efb1-4876-8d5c-80fb2b6f2b1d,c
4fa75674-62df-4f2d-adf1-bfe08ccf185d,c
ceeadce9-6500-4233-b213-5a533929ef7a,d
32a175c4-1ea8-48b7-9ce9-63d3b958133e,c
46a66b59-701e-43cc-9d9c-2dd0f82b2e2b,a
324566c8-9dce-4cde-ae21-fcdf890485f4,b
9c16f4b1-1330-476f-a78c-864176926839,b
6ba5fad3-e825-42de-8e50-a749840a5c12,c
a43070ee-e590-4474-aab8-33d6cfc3d989,c
f20de5cf-0d39-4737-99ce-436387cb1a79,c
925d1cec-09e8-4416-9bb2-ac0aff758f19,d
2874781a-cf3b-4716-b2bf-8fe5b728f4c5,b
3dd12e49-faac-43b9-8974-72b23e28c6e3,a
c096f3b0-5ee3-46e7-87c5-b62d80b7308d,b
74e73bd7-1968-46d2-aefa-f79b22184a5a,b
0a853d44-dae6-4bb7-9bd3-650eae7d52e1,c
a6ddb0e0-3d4f-488d-a641-b1828c32231d,b
10202eaa-ceaa-4d5f-bb4d-2068ede63b3b,d
0e890cb1-acfb-4ea7-9e32-97a403b46d1f,a
e277959b-817b-4016-89e9-67964e61b5de,b
26feab84-862c-46b3-837d-acb3cd6c1b6e,d
20b0ae82-9bca-43d1-b72a-fc2f9149ca0c,d
7dfbf74d-55d0-4841-87a9-79d45936bbf0,b
21c35f95-d773-431a-b652-4c5020499b18,b
e3a13a9c-d76e-4d9c-a2bd-9116fd28fc53,c
60bedc83-e583-4958-8a4a-a471efda5aa3,a
13658ab0-3d8e-4bcc-9318-355ded5d7ee9,c
c23d9904-4c97-4c4b-80d7-eb885176de8c,c
675ec38d-b791-45ee-bffc-33f2bb06bf5d,c
db55d7e9-b7e5-40f5-bfda-8e7ab64cdc24,c
05646abb-423e-45a6-a541-050e9758a73a,c
3a5e6487-ea9c-4fc3-b52c-2d57d161b8b6,d
b0680f24-6ceb-4539-8cb1-9a2cef44972d,c
49cdf1fb-18ea-4ece-b14a-8842a2e9f46a,c
1c891163-2753-4ea9-af87-88941d6e0392,b
f80419f2-03b2-430b-acf3-6d908ae2372f,a
614a4092-7a52-4191-91b2-d825ec8c7eb1,b
d1367893-9db3-4fbb-bb1f-6b34051f6df4,b
98c8f8ad-1d76-4bc9-998d-bcc17ffa85c1,b
5164bafc-524d-42c3-8306-6c55904d9b10,a
63c208dc-40bb-45b8-8116-88dd97c80fc8,b
bc2c95d6-024a-4964-ae99-2a69870f675a,b
1e851b1a-ba54-4ef3-8f4c-e54ddb9ae372,a
2da8c770-947d-49bc-8161-23bfd67bf1d8,c
9097d8ff-49aa-45ac-a733-cffc865479bf,c
6c8ac7b7-ad69-4611-88cd-591498b0e7a5,c
4ff4c4a5-ad6c-4121-b066-f1d4463df728,d
62c3d339-dc15-487a-97d2-60439d3d5854,c
4ea0d18b-7262-42a6-8771-aff4a6d1197e,d
7dc4cd6a-b679-4911-aad0-686778c3c947,c
fe618e90-e08b-4589-9fb0-e8f373657657,a
e152ba0d-da9c-468b-a6f4-eae7eec3a0c8,a
166faa11-fd4d-498c-a120-fcc114d7540c,b
f52f2df3-aeee-45d2-9acb-c538a9d0fe6b,b
f67acc50-c2cb-43af-8561-db029a5fdc20,b
a5bc93b4-7bbc-48f5-a173-647de6dbfb96,d
74db3d91-fd2d-4f2c-a0bf-8711e44420dd,a
721e9c11-88ad-46dd-802d-0b2fe9eb9c53,a
cf160870-bc9a-4ba9-aac4-66d4882ab852,b
998288d6-4d9e-4726-9306-27e80ebbf9e9,a
50c911fb-af78-4b7e-8195-fb60e22f98af,d
ed1c2c63-2ec3-43f2-844f-26715d3de11a,d
fe4c33af-e635-457c-929f-638fc7c3a1fb,b
76281b1d-fc4c-431c-a0f4-4367fdc373fe,b
458b6242-7610-4ee4-a0d0-5519b16c4894,c
4fb4651a-84b1-4099-b359-6295e7fb7df8,a
dda53e8b-61cd-41cb-bebd-b8fd19541349,b
164055e7-9c83-45df-91b3-a112ab8580c8,d
1be9e820-2852-44fa-9bd9-b8892287e3fd,d
af63f8f2-7841-476e-ae52-99c16ba6fdf7,b
93f56837-c8c4-42ba-8db4-975c8fee9622,a
efc3af0d-bb32-4d95-b878-29be999381db,d
36aaaa4a-ac79-443f-a982-88853e17927d,c
6e702d9c-ab61-47ce-9971-778108355499,c
f7b2282e-0793-4f3c-a8c7-ca008ae8f481,d
f1f69ef6-1fe2-46a2-a694-a2eb1ecdbabf,d
f5b044b6-133b-44c6-841d-2dec00b23511,b
4c295fc1-877e-4884-9a0f-c5044f0544b0,a
f632b78a-ead1-4e46-a619-e7c47ba9a208,d
4a3d7c0b-e9c8-4673-b624-cb680b573536,d
15b4488d-a1e0-4c0f-bb4d-81e1a33632ff,a
a629400b-c8b7-4041-abfa-39ab15223b31,d
31221394-8757-46da-9a83-fa0471d3c82f,b
10ecf6d4-1fee-4ea7-b72b-aca298c6b62c,c
bc1f3066-dcfa-4542-ae03-b4cf721d1d4f,c
43a91ec0-9be5-4e64-9670-c7f40b4a8c9e,a
64293f21-654d-47e0-851e-a174302ba624,c
afc70a5c-8952-43c4-b664-6648695a8e4b,a
f4a70b7b-8fd0-42c3-922e-507a82d716da,c
df031ab0-99cb-4958-a9e5-e501cb95f7d3,b
289fbd1c-02e3-4f78-972f-8cc7095c8a3c,c
47bbbdcd-26f0-45e1-91c5-9bda43600ba9,c
dd883eea-9d0a-4f56-b4c5-bb6d2754f4dc,c
b30ac5ae-6ac4-44cd-89b0-5bae5ce98964,c
a4c069b3-f5f0-42ce-b187-526ad2760c96,a
6b60014c-4e6a-4870-b8f6-80d92608bb34,c
4c95ebda-2e4c-45a6-8a2e-20beb06af6c5,b
5d67dc5c-bd98-4610-9f13-094cc7ad459e,d
9979912d-11f9-4aeb-9227-adaf6003b518,c
1c32332d-c540-4eed-9958-dcd809f29702,a
7788dddd-0c3d-4db7-967d-c40a24da5ba6,c
3a14b863-6f53-480e-81d5-6c746c12d78e,c
0ba3249d-319f-42b7-b2d9-e5f6e81d1be4,b
85915f63-2bc3-4b05-a3e1-d20466455cb6,c
c05c7bb9-f7f6-40fb-b0c0-341734659a25,c
daae69d2-dc5f-43ca-923d-49edb6446232,b
bd95841c-98ce-4553-815a-954db5f7f48a,d
23d2cd43-cee7-4530-9015-9a9e4b2283a0,d
3ee1f092-b1b9-43d3-9431-95fd46e334f2,a
e8a34ae9-9eed-479b-a5de-a414fb10c53a,c
eebac23d-c790-4d1e-b439-61429c17d2bd,b
4af05870-4fcd-48fb-bcce-316b548c3ab9,b
9457e83e-5b62-4579-9f15-6cbf4536b950,c
bbbea35a-4617-4ecf-9ab3-67d5ab0887ed,d
d9321227-fee9-46ce-8095-0fda4e1ba0fa,b
f959cf79-7c3c-4150-ab1b-ade1c46c7b37,d
88ddbbf4-cfbc-4824-9abb-dfecdccdd008,d
0b13de56-0f74-48e4-9b92-4bc75fbc5ab6,a
4a0fb151-ac19-40b1-a2b1-5a08c47f9e33,c
4a9db352-e031-4102-8e12-270ffcbfd5e9,a
f98a68f7-6185-4dd7-b0bf-210cd89dbcb3,b
6f4b7b03-2a1c-4bcb-8e32-2d2feb4232bc,a
50dea9e4-84e4-4418-9b22-ba56d4789c6b,b
2391c9fa-cb3b-43cc-b780-9344ee74b1b8,a
2381fd46-239d-4adc-8f99-b60b68dc580b,c
4fb05ccf-b04c-4f35-9e9a-a9fa5bb1fd5e,b
634ca75b-272a-4d71-bea6-63a75be9aacc,d
4527a446-b396-42e0-b6d4-0d095292929b,c
48c53ae7-b745-4ac3-8576-1f6096b9ec40,a
d9c117d6-6f41-4d77-80f3-f2e837745ea6,c
e07d6c66-1dec-4aa6-8e4f-b6885e8f402b,a
9495742b-9db5-43e7-98fa-8d778aa49ecb,b
2f20e871-304e-40f8-80b7-1c3181547287,d
2bdb2e22-26b9-4cf5-a2ca-d8e85acacc23,b
e1070b49-e969-48dd-a202-6f042aa945fa,d
68f2d0fe-6240-495b-b148-50b9899f9d21,c
4640a908-8e46-4da1-9d01-62cf2052641a,d
8ce6c191-28b2-4cfa-8703-91b15d8b7f4a,d
7099fe43-ff00-4a03-92e9-11f266df1571,a
3de20538-573c-4f51-8d37-8ff564e1c79f,b
2b1644e9-1b8f-477c-8b83-dbd166edc00d,c
f7870303-b49f-4cba-90ea-ace71f03a252,a
d7d5c0d4-2a87-4b33-92d4-40566eeb8c6b,a
ff88bb3b-b209-4614-8d7b-19f777c7dbfd,c
19c83bce-fce9-4090-b7b1-30e1bdf0fed5,a
8e604736-5d70-4d3e-a889-580fa70998e2,b
622af681-907f-4522-bde1-f840dd3d7fba,a
659389b7-d056-49be-b669-e37c20dfd989,d
3b2ad1f3-94b8-4d44-99ae-c03a81fb333f,c
f47e6560-fcc8-4f70-90ab-da357fc2d7de,b
865a04d4-c418-4da4-b97d-4e5c5100939a,b
7690e97d-9476-48f4-b239-2c78e7b3ebd8,d
c7a34f9e-8111-468f-97e8-5961db9faab4,a
77b53c88-992a-4aba-9982-b8d4d9826714,d
6d17d1e8-c635-4514-b0d2-c4e37f31f211,b
cab34919-3676-4ac2-85e8-ab0f84973eb0,b
4213b12e-130c-440b-90ab-03fb8780cbf4,a
2294d697-ad3e-44d7-9d75-4a82486b9ddd,a
795d4b1d-dc10-4c0a-b90a-e9dedf8887f3,d
4db8c8da-349d-4086-832f-8bd94a3eb9d8,d
e34b7c02-6128-4b4b-9d73-66c55d9be920,b
f6e24fa8-5e8c-42af-b3d8-12b85c9ba065,a
cf407512-a427-4b35-a06a-d5a87aec4a73,d
3821d271-068d-4289-8935-a5c5e21b2d9f,a
d0d75d6f-01d8-47f5-971b-4784a03a2a2d,c
a01bdb1d-1e8e-4366-a23d-6f162a36c137,d
2a2105cd-4fad-4cfb-bb78-38a695108e6f,a
ca4cb165-c4be-40a2-ae3a-634f12b621a1,a
5a2f1613-4b11-48f6-8016-153c952bee63,c
9bba3f6d-533b-439f-9a89-70bbd47ac529,b
f5795375-a1a0-4712-84bf-1585a307aedd,d
60d1bf98-86ce-42ad-bcce-f9c179a6aec3,d
a01af4cb-c68c-41d5-9ca9-312a353d50f3,c
ae665e26-6d59-4c05-ae3a-f3229fdedbf3,d
3c80daa7-1bb1-424c-9100-f06eb5afa429,d
c34108bf-1626-4fda-a9a9-d1cf2d0decd2,c
51b6ca33-e42f-4718-aca6-636311a3d979,c
9a15ba19-4b86-4e4b-9180-77465c211afe,b
f6d0786d-6d08-44a9-b30a-b62433478f70,a
edadec7b-c6df-4230-925d-34cda53895e8,c
276a48e3-27db-4b6d-baaa-82b2fc2df7ba,c
878ae78a-8c49-45ff-86af-0ba32a61efb9,c
e74ba114-3923-4eac-bb0f-b0d928a14c3b,c
f41a0a37-72ce-4e41-9e0f-e431f39c2159,d
e329014c-1ab3-414a-b8bb-aa42ffdd3593,c
45a1f9dc-11a1-4343-8409-4ab69ce3da7c,d
1ce8d06d-14af-4bcb-81b9-216fc1d8aeff,b
fd5ac813-0a28-4865-9b2d-aa319b76d7cc,c
d3279ebe-3a7a-43d4-8876-48fe4049f4d2,d
7236ab59-09e5-438b-bba6-502273605dc0,d
bf54a688-ed2e-497c-ae33-5a93dbfaccdc,b
2f82b11b-8404-4933-849a-668cf680dddf,c
5016b6c2-d185-4848-b201-4a7b23d47b9f,c
27951c13-ead8-4921-9612-4e181d46c15f,c
48fbab10-7b19-435f-ad75-dca699fe6e02,b
ab6c8541-0c9b-4d8b-9d1c-17fcd9b0da0d,a
3bf09b23-fdd3-494f-b4b7-b4be60d34c05,b
24136ef6-3982-4019-9948-141a259c480d,d
dd39f51b-8d30-4cd4-a246-4aa68da5fc30,c
19156dfa-90d1-4ed6-8081-20802a992bc3,d
1e1d7ef4-e17b-420e-8557-0f98cd96af0e,b
03ab831a-5634-44c8-98cb-5556e4e77a25,b
1815108e-0c31-4291-b1e4-5cc6eb9ae1af,b
519ddafd-4f12-45b8-bf6d-1b5f92c2bbda,a
ba88810f-9251-4241-b9aa-8b01619134ef,b
16a943cd-d6fe-4bec-b5ea-e9d11d323369,c
497cfe46-d3a9-436b-b385-3fa22dc79660,c
df938479-911a-4003-a9a9-f4bf70d0a37e,c
50562c95-a709-4d65-99f6-a5cc1ac67611,b
8f45964d-269a-4419-b9db-b51903022825,b
33ecc58f-6eb4-4f99-b70b-33195b3b943d,b
e78489be-0c62-4e88-8418-f999f95d5603,a
d790bc25-1cc0-43ec-837d-8311bd358945,d
6e9fb47a-f40b-42e5-accc-3ff59f959e05,d
b150cbcc-deb7-4415-abb1-e00043d72aea,b
eefb7bf5-e79a-4d8b-8610-fa1109f768f8,b
9d24c5f0-fc09-48a4-a9dc-0009f2afada1,b
92ea9024-0347-4193-a5c1-f25db542dce2,d
96452272-969c-413c-a593-fe94c940d7d5,d
0a1f849c-a461-4aaa-a0a8-46cd3ae73afd,c
2cc1e347-b1c8-4bf6-bcd0-cb5e755fbb64,b
57ef037b-16bf-4625-9827-d3deef3d99f3,b
15b079eb-8561-4e7a-a488-989e0802b830,c
95a102b1-7c55-43ed-88fb-ee88f992ed36,b
2de62b23-0d2c-42aa-a533-eaccf215e68f,c
381318cf-1e6d-4462-8446-ea0f956ec4e8,c
292168bd-4aad-4e9f-a728-97a2cd0d3919,d
e11a7b34-40cd-43a2-9c6f-c32d76039a17,a
ceeddf12-56bc-4c7d-919d-bc79dbec8b46,c
b8e83b8b-5883-4021-a77d-aa6b58af6b77,d
8a321a3b-78de-4ff9-a6b9-59168891846b,d
8d44986d-a94a-42f0-b7c9-b7991d620c96,c
01028f1a-1d1a-4121-84e9-f06ef4146aa0,d
ae9f86d1-983d-4547-a27f-2fa406d0fc7d,a
69947e2e-76fa-4864-bfda-588557ae6b92,b
2039d622-7be2-42cb-91b6-d9bcb6b27d6b,b
23067a15-d4f9-4b09-8cd9-26630cb55d90,c
725d5eac-1627-4ea1-b21e-6a623f323245,c
f99f1a86-b539-4bd3-a406-762b1035f50d,b
690a4895-5a12-4217-837c-557e4a68dba2,b
feda9ef1-e84e-4511-b46b-b7d0a4211d65,d
d7718788-c38f-46be-9fb0-67b63c9a8540,d
57462ea7-cde2-417b-94d2-598d589147dd,d
be6c58ce-1f56-425b-82a3-f45ef46f04f9,b
7dbc8912-3fb5-43be-8da1-a7079d4da1cb,b
01656b33-60e9-4fd4-88f9-967bf5c746de,d
e2e95a8b-0118-49fb-ad75-26e3766a40eb,c
9a96baa5-59ef-4224-918e-3968da099cc7,c
30a66dd6-5887-4ad2-bcd2-6a8363689017,b
d7c45067-0d85-4184-ade5-01fb3b22b9cd,b
fc25e2e2-283b-4924-871a-fb94fc5e0be1,c
88b93aed-b2a1-4309-91c6-6adf759165e8,b
8c38d601-d2be-43c2-93d2-3613744d3472,b
f412735e-5357-4d10-b559-cf63df361f03,b
e5c40391-d634-49d0-920a-7a1bf742c3e8,c
5b528e86-2f3e-4a5e-8fbd-fdf5d712a689,c
3d84efa3-94ea-4cd9-8d7b-1c9a848e32a9,b
a484e90f-6a1a-4776-8e6a-99d9da6196f1,c
4418e936-5d03-41ab-9429-873b04867b4e,d
9ca4d9a0-3fa8-4df7-a13a-34224aadd89f,b
017a4c79-b823-4198-bdee-f7313c5459e8,c
49f0cb5e-877b-4193-9e4b-30280c8db077,b
32bcc8f4-9f41-4552-b496-f92e58d368dd,b
1373a0d0-e0d8-4dae-9f65-f87328458216,a
a2255d93-66a7-4b57-80ab-2141813685c3,a
824ee417-1457-4eaa-92a3-d48162ff27e6,d
8dbe5267-387e-4cd7-bdaa-3f6f594415e8,b
6204e70d-5e82-480d-bb11-f7385a223512,a
cb094035-b122-4c5d-85a3-816a231af7bf,b
75e9ec9f-9b07-4501-9259-4fde55efec91,d
a7f9a7f3-8627-4ce5-bcfa-ba655b440ab0,d
f56dccb1-3276-4e68-9a54-4bea62f039bc,b
34f05de0-e3bc-45f6-bc6e-71f1afffb253,d
d323f93a-c2ff-4584-a7cb-f1ff098f7121,c
e7003a05-5861-4c8f-8fae-48f83b9c9930,d
97a7ac64-a442-4cd5-a6c7-f9ea922d0d6a,b
9febeac7-e629-4ca3-9e65-b0acba44faf7,c
9c4be531-1e49-4f4b-8327-e66e63d95167,c
6f975759-3c70-4ab6-86b7-9912a524f3cf,b
7683af0f-344a-490c-9b20-9375f172e883,d
1cf5037a-5d09-4577-9bb9-1388a17b560b,c
1794e720-0796-4ce4-ac98-12239257e085,d
a32de264-06a7-4acf-ad7d-24be96980257,b
49ad864c-b210-4845-abac-144f1b18dad3,a
64424a30-b8b5-46fe-8627-4c07b7b6a43c,a
0e9d96a7-bee7-47bc-b0bf-39b2acdafe59,b
7a2b74e9-097e-4c8a-a3de-eba784aaf7a7,b
2dddb9fe-ba7a-45dc-8157-fbfe54a5d3fb,b
ad84ed9e-c689-419d-af8c-02dff74ea86e,d
369531fc-6d3d-4919-a630-04e373f1cac6,d
0f32bbcb-264d-4cef-8b30-b61eb82e9388,d
95e92e36-1485-42fd-8e05-3cdc9dd463cd,b
f511d9d7-c23f-4bf6-9d91-1c1ab99a2614,c
6bbe33c5-24a2-4c21-a1b2-88cfd8cc8902,a
a0f98eb4-5a4f-4479-986b-4fc7a1cb952d,d
4f6b7178-7942-42cb-959d-173f8ce94199,b
422286e3-6a44-47f9-85be-2ddeff049217,d
41b11603-ea7a-42d0-8b7b-dab2fe79313e,d
cdaa51b1-0a91-4756-9f42-f7348ae3dc4c,b
0982b948-13e9-4bf8-8c59-f1401d562f5b,c
e7371015-ac9e-4965-a833-d65bc7f385e9,c
81acb3fd-b1f5-4a59-845e-6256c1caa8cd,b
c6bc327a-0be0-4011-a3cc-4f7ed366c982,a
3891fc21-300c-4040-86b5-b1cf3710f951,d
fa4ab7c0-b784-44f2-9015-5bdf2ba7aa40,d
ba792eff-717d-45ec-aed1-64155eec8d03,b
eec87f65-e439-4f5e-bd16-23d620c4aae6,c
015926f0-91cb-4f05-88b4-4b3bca026244,b
7c80fb28-ae43-47d6-b97f-fdff84adf0ed,d
a2fe61cd-634f-439a-9b20-3139b470d31d,a
f04b9d62-aaf3-42be-a96c-31227bbf1982,a
9553f82e-1e6b-462e-95f5-db28005650d2,d
25de9204-dcd0-4d1a-afc0-f51b1fab290e,a
137a6bed-3b5f-407b-913e-7376dcac23c2,d
78c27b63-0da0-4d3e-aaf2-983242b2505a,b
c9f70c8c-1f6e-4eef-b8cf-47cbe838dfd5,b
ee0d421f-ef74-4b4f-9473-c8de5fb0d0dc,c
608df320-224b-429b-a919-84289b43eb38,b
dfcb44e2-f785-429d-ba25-c15126052b2a,d
2a59fefc-0ed3-4a5b-b2ad-ca91c53d50ea,d
2ee2cf63-8d67-4906-8075-3d4b0d20c08f,c
69434d2c-bf27-4872-b328-3bc6c120482e,b
16740288-af06-42e0-ad5f-447abd807ffc,c
fa4d5587-a8fb-4d4e-af57-9a6ae699cba3,b
fb7b9673-40a8-42ff-b422-0615e8a101c5,b
30aa8e7d-8c74-409d-99d8-ef5f7b22e3a2,a
4f2edd31-579b-434e-a14f-5911be877481,a
cba5957b-8c44-4a83-841e-a55fd1283a83,d
8663d1e1-101b-4912-810e-9a4e3461e19d,a
f1a0e538-b8ea-469e-9818-ef24c9ce726d,d
a9b3b814-8131-4bbd-885b-f46bf52cc87e,a
970a6698-6c98-4595-b333-44db42acc271,c
336c8dc9-642f-400b-80aa-799ac9964b7c,b
a9041feb-eb31-4941-b944-6bd5c82cd00f,d
d12991c8-8e31-4dd2-865c-78c52fcdc630,a
a258ed9d-5b6f-42a6-b0b2-f0e9607b7874,a
0742b2d8-ccc8-4912-bdaa-405b997fea13,a
ceda8e1d-10e6-4f8e-b80c-87728a3c9640,a
3cd4ddaa-44d5-4868-a52f-3b1e522d2eb5,a
df71618c-9447-410e-9900-532aacccc287,b
b9e790b0-b402-490c-b6ca-67ae185092c8,b
0a592f62-0ba6-442e-8242-8496dcead237,b
27040472-6128-4296-b5b5-96294db7a8a5,c
e12216eb-618b-4c71-b238-abbe61f6671f,c
9f45b322-eede-41ab-8162-5478e5307e49,d
9f26d161-cf50-4337-9a4c-2d83a3967cbd,a
ae1430e9-92ba-4930-a3a5-ccf6123dde08,b
369ab6c3-f397-4dea-a3f4-0118d711b654,d
6e095399-2f85-4bca-b1df-549922b0dfb1,c
028ae850-10a0-423e-b473-e328b7777dc4,d
04c997a9-6463-4378-9f7f-b51bd752a345,d
9055521e-9aa5-4519-a07b-c9336800d7c0,b
2277a305-c486-423a-bc00-4789148d69e5,c
3905ffc3-28f1-4833-929a-24afcb0af428,c
64b48b9b-b089-40a4-9f8d-870ea2bf5f3e,d
1262bb97-c340-4cbd-8870-0843224da40a,b
c914bc42-433b-4383-b8d0-7127222aff0a,c
702a79dc-f186-4f6c-b39f-d6eb0a95d3ef,a
b76f7a55-2e12-408c-ae07-d4e0166bb41c,d
d6ddfe01-6584-4815-9c89-cb5c30979d20,c
29e53b06-d867-4ad0-ad62-32249b2a6751,c
9e18237a-e62f-4991-8e1a-bb90d256efa0,c
dd230f86-f31f-48a2-a7a5-6f64e75e40d1,b
22114b28-decc-4a12-80c0-046fcd516f25,d
a4d648b6-c73a-45e0-bf17-305de577cd1a,b
f80fc3d1-2719-4e34-ade3-63d0b4dcee7a,d
550ea450-673d-46d9-9926-d4d3bb9e2a06,a
809ab6e1-df30-41ef-89d4-1e9eda573cd7,d
4453d9a0-61d3-4acf-96ef-7d77c7c9107d,b
95d11ed7-3801-4021-9cd3-dd57fc1fdb8d,d
a3e90170-5101-4fc1-bc3d-9cd252eb3ed8,a
e4a1e233-61b5-40c4-99ee-ce9fbbb68c07,b
7f10a55c-b0e4-4c28-a519-19cdb2f7230a,c
6fedda9a-d230-479f-a07a-662281bc442d,d
a4d7baca-f37b-4ece-9c14-6a55cb87e20b,a
5876823a-bba0-4b5f-a95e-e59f0508a52d,b
da4e31ca-5663-4648-80c0-fe93e1e9c4be,c
94b5aef5-338b-4f7d-9767-b780cb63f5ca,c
d9e0e22a-d7db-4c08-abce-2404d0d9518c,a
4d15a4d6-5c8f-4153-b50c-eed977439a06,b
08a02b53-1735-451d-9919-79aa24403bc5,d
4bb28026-7e47-415f-b0e0-4e499c7e1680,b
84d7950e-ce0a-403b-81ce-7ffc58d6e458,d
390ba6c5-a95d-4fd7-9332-fd95adaebc11,c
bf51c133-2ccd-4681-904b-22734dfbba55,a
66721e5f-288d-4942-a9de-532c8ddab959,c
9b8415d6-3d30-4547-a8a8-85b5852cfa6f,a
7cf79b13-8e47-46b6-af85-0a434e764f06,c
090793e9-a741-450c-864f-51c978941b42,d
09327c0d-7c3b-4e7d-a592-6da77b9d219a,d
f1307804-0474-41b5-987a-b1926534ce4e,c
7c31a642-1fe1-4414-b2dc-f58fe9632dd5,d
2ad85e12-fe90-4470-b6f8-76fa3a6ea455,d
2d8989df-ad30-445a-8f24-2bfa944a8fe4,b
cd9ccd80-18a2-492e-b7ed-e61efa076aa8,a
0fe33447-9e65-4c76-9b2f-38b8f92c23b2,d
1900e3c1-d2db-4ab0-a1af-e20bc8dbacee,d
f390d989-ec86-47c4-a574-087cc3cbfb1f,c
713d93cc-d6df-43c4-8d87-6095be6cab48,b
a6990129-9583-4c2f-8582-13b4e23f9da3,d
2433ad9b-6f53-4020-b13a-9689f3c5dfcc,c
e9e6c5d4-01e1-43ae-b2b4-30cc885c7353,a
07ff50d2-c908-4a2c-b7bd-afe1d86729c8,d
ce85e450-172e-4138-900d-4ae7d4a3e14f,b
fabcb61f-d9d2-4e09-9ffc-9d6f26dc0fb3,d
e18e5608-e0bb-4ef6-86b4-beea2b070ab1,a
d57b8ab6-e1be-4fa9-9b20-cc6df24e8e40,a
5ee24918-a319-442a-80d7-b154eb4dc8ed,a
b8e34e7b-1f26-4fad-a9c7-3a77842d456d,c
ea70551d-8d7e-4f6c-8d42-f6519e761fc4,a
f500e7e3-d0fd-4e4c-b96e-9a9a8f6ed8b4,b
50f2a52c-f343-4aee-aa6d-16c4af91c513,d
da894b30-64ed-4589-968d-76bc58d22eef,c
482cac6e-510b-447f-a913-ebd38ed624a3,b
c381a4c0-3dff-454c-99e4-1990aab918dd,c
8bca1c92-bdb5-4628-8950-39eb25886fe9,d
254c9c66-5fca-4fdf-b3f9-024d0a7d7dfa,c
077aa4d3-dffc-4494-adce-21390914de25,b
7a41e294-38be-4f7b-8c1c-3345f7233a34,a
339f9e12-2708-4d5c-9110-9dfcbf66dab8,a
0c366687-51dc-4ceb-8317-756ecaca87f0,c
e9c1077b-1181-4182-8603-1f8f77044990,c
98fd3fd0-4639-483c-9f4d-5285aa6b44cd,b
70f5fcb5-6aaf-4239-95dd-f2fdfcc49a3d,b
9879ae1a-1d1a-4f9c-b7a7-42f3ca49019c,b
addcfd0f-a650-4cf0-bc51-77de0080fbed,c
460f33c9-adfd-4685-8a01-c19f644dacf0,a
e7c93d8d-8701-462a-8327-2c7068adabf9,c
1d325ba1-c244-49e2-b73f-5ced99c3a5f6,c
434c5e7c-f339-4b24-9058-cf2587d4aa39,a
44db2281-3acc-4b75-96f8-7171b45ef582,c
cc01fa10-fc36-40e6-99a4-87dc13e3e426,d
f9b26aeb-dbe2-4c5e-9efc-9913e5baa696,d
77aeee98-4b9e-44ab-85c9-587ef36e5060,a
94ec4242-e82e-4df4-b797-b706b2c50b20,b
47165424-8542-4d1b-abfa-cd05b4002ef9,b
9c832180-c27a-417e-bb6b-230a8de864f9,a
dca71b83-b64b-470f-ad37-382e2f79e8a7,d
5e65d85c-9b0a-44ba-b2c9-b908b5235dc3,c
d5906ca5-3a7e-4a5d-8de0-f23e101819ba,b
92ffacb9-4b89-4b68-9a74-433bcde24a17,b
97a5419a-27e3-4b34-ae70-a94561a4b62d,b
f0ecb8fb-5c01-4833-b10a-f3926ff8c9b7,a
7bf0fdc3-32c9-4ce8-b0b9-65c2392d6d01,b
63b10f3f-228a-40c5-9b77-480793dab8a7,d
2fb9a8f9-5b5a-4b51-be4f-451bfbe6b897,c
0cab546f-149c-4c7d-9af6-d0cdb2907b6a,b
497a039d-4a31-40ea-83c4-28dbcda5bb8b,d
a13402d8-aed7-4cb1-9f47-8240976ae09b,c
a414e174-8893-4af2-95af-b085f4c84361,d
f50f8d9a-a7e1-4ac7-892c-3271c0dc18c8,d
63689ed5-6b7b-4a44-87e9-35f435ef7005,d
8a6fff68-3054-432a-a1a5-97a5eebf1744,b
a1d58ce7-f4af-44dd-afb0-c7c645c7770c,c
91d68382-58e5-46d0-8365-c49cd084624b,d
cc93b59a-b21a-4214-8433-431ff3290883,b
e1afbab2-0ac6-400d-9346-035f549dc5fe,d
06773024-dd1e-4878-8d45-afffee926f14,d
1069c83e-1c56-4aaf-84bb-d1b936d8193a,b
de18656d-1f68-40d1-8ca6-8a66c89516f3,d
94b126aa-ad91-437a-911d-5ed7ee9d726c,c
9c3a113c-11ae-46a2-8e4a-101d62e4954a,b
5aee8cdc-6b67-4d37-a46a-438b00803e63,b
c94cc7ca-4535-49cc-893a-b49d9b3966de,b
7f9b852e-3a5b-4dff-82f4-0243e4c06de4,b
24cf9a5f-b6ad-41ec-85bf-ed104233a915,c
cb960c1c-c212-4193-ae0f-5b1bbb7b6f7e,a
6ca715a6-5b5d-4969-968d-d129e8aa4da2,c
13bf8f07-84c4-47da-aff1-600d9cd99f8f,a
ced7bd7a-53d9-47cc-8771-3f229e9367f7,d
b4d11124-80b1-445a-b76e-6f0847ecdfe0,b
4c900113-64d0-4bef-a830-418a0a393a4e,d
d2bd36cb-6398-425e-9fb7-571eef0d40d2,d
3733227d-1fce-49fb-8db9-05be24214ad5,d
d620b2cd-5a14-4c88-b571-99291ca9ed61,c
e8856677-0aa1-4292-81fd-c9ddc9dc5fdf,b
1ffae016-5c77-4708-aba2-db7e219dd0d2,c
61f5c25e-0e12-44ee-87d6-5d23eb3cfe3e,b
3612e688-e60c-4306-b3a6-5f1c4cf2cde3,b
23e2e61c-8039-47fb-a791-5417a4888cfe,a
37eb7024-837a-4336-926b-623d1eb1c1d7,b
192dbc22-3421-43ad-8a77-7bcf8b4b293e,b
e7e9e15b-c0e5-49a6-a581-d8447c9db6b7,d
57e13cf6-69ff-4aee-b06a-2d9a7a0cafa3,a
cce5563e-69bd-452e-bbf7-1dea7af8c449,a
ac183789-4a10-4062-9f87-02d1ed9d8cf9,c
487131f5-c014-41f2-8b40-bb4936ee3606,d
366340c0-74c4-4ced-be05-2d9533db39a2,c
f895ccc4-76f7-47f6-901d-18c8513e0c53,b
1e3a1a40-4073-4a06-b02e-a56edbb847b7,b
11acb13c-dd85-4939-a08b-bbeca448e717,b
3469040b-bfd5-4dd6-9451-4141f5822355,a
57a6db98-75db-40db-b605-bd3e04d0a9c1,a
64c05ff2-03aa-4c70-8b21-b04242f52d8d,a
a830cebb-9955-4a17-b32d-a241bdef1d5f,b
21ed0c00-14d1-476f-8885-1b1670fd7d03,c
7354257c-65ef-429a-8e5e-35958b78f249,d
44063130-1951-4ec0-837b-1038923c27f4,d
59e5f1f1-c864-49d2-88ad-f8a683388922,c
e244686f-57e2-48cb-8779-1c79a5173202,d
7de367e1-4397-400c-ace6-e226a7ad0d0c,c
bee28eed-2ade-4eb7-9350-37a670f42370,c
baa36646-971b-42a0-a400-af9fe12a3ad9,d
05a17212-e992-4fec-a893-d0f1286b76a5,b
2ce2d432-f01e-4456-9d88-6db7c1e8e7fd,d
5295483b-7a7e-4676-95d1-7ef8ebcc7306,d
769dcf0c-ee23-440a-adf8-8a723fa81b1f,a
c2cf011b-4b76-4593-9c42-2fe0b84bcb55,b
6926081a-8add-42ec-ae1c-1f2174db2949,b
1470c83e-6208-4d16-85f0-4bcb9032b251,a
9f2a985e-9d2e-4ab7-b245-0952a2568dbd,b
9f647861-1da8-4a1a-a5dc-4324e10fa00a,a
f8c4caf3-1e47-4881-bde4-7deb89626be0,d
12417fc8-6f82-4f95-9dab-99f51aa5f972,b
5f8d2b2e-a964-499b-b811-6e1a0f07cf15,d
b4986564-ac09-4088-a7eb-8771573b4c80,c
a4a324ef-62f2-4320-9035-bf532aebadb3,b
7fc64f69-b4f4-42f2-99b4-ef6c5bee58e7,a
34e6b1a0-aabe-4320-8082-db0947f6bffd,d
530f9560-0924-4dc0-8eef-83a3e75ae88f,d
2c474bdb-6b81-4764-bbb5-69959c2c64b5,c
48379191-2597-4ecf-9795-adab9a26a763,d
f50faddd-50cd-45be-965c-c002e3e74b32,a
ba5b10bb-497b-463c-996d-e1769e32db92,b
04899b4c-26c0-4259-a0b1-bab7b12efe54,b
c33ae9e6-373b-49d5-83c6-3012e0950512,d
784cbd66-13a3-4bc8-9de4-964e32cf694f,a
0c45fb1c-2d4e-4990-9e51-0a8ff3225a76,a
542cdb8a-b3f7-4436-857e-2cc97e098a0f,b
b75215e3-92cf-447a-b7ab-5ced28622587,c
ba94e589-7367-495f-9146-e6fe4b8f7502,d
d2322bc2-904f-45e0-b09d-c537a7254067,c
3ade81c0-e310-44ea-8c5b-d44f3670eb0c,c
29afe0a6-f898-4302-85af-c590849998c6,d
0f08da15-6e2f-437e-b01b-565fa7c94fc1,d
1a715a1f-74ae-4a79-a79c-d4f35c7d35e2,c
bc5ae6bd-0dbc-4aff-800d-d89a00079f64,b
1e2a39ff-57dc-4418-a5e7-4643f04c166e,c
9d13d218-baf0-4d73-ba92-47ffd17aa801,d
a1401533-9813-4010-8841-e8bbf007de75,a
87260d7d-85f7-488b-8542-3df0e65f6ef8,d
909d61c6-9b71-4435-a757-191c52bf6a72,a
6248d707-5dbc-4fd1-b404-cac82f2b136b,a
b957b947-6e44-47f2-b6e4-e9ba49f37f5f,d
c65d3d75-09c7-45ab-a64b-ab2d122908f4,a
450b6db1-6ab4-40ac-bf6d-20f2eda3e42c,d
30c40027-16df-44c3-b3f2-1ccaa96e866a,a
f3254241-a45f-4042-a335-ec777dbf5eb2,b
7478de63-0d92-46c3-9422-282b11eaab28,d
375673e5-6cc4-4e38-86a4-68ab6aeae869,d
ed8a4f74-f151-4a9c-aef6-b62e64ddb680,c
31144d9f-b34c-4ef4-b3cc-c3e053fcd31d,c
1982cab9-27cd-4933-bb2e-adbb01ff7266,d
4d673059-29fd-40b6-bacb-aec70764923f,c
82adfe20-1044-4e5a-8676-14b1002ec7ae,d
22b3e69a-1d94-485d-9174-10944960d8e5,d
61f6c08c-46c3-4721-bdbd-57600ea14c3e,b
ecde1968-34bd-4abb-b1ac-c8c52d8fb24f,c
60264238-163e-4251-ac37-ae1a591e16fd,c
9e559bbc-c132-4923-a1dd-e062ae0d4ead,d
910f74d0-c54c-4959-b55d-2178c74bb9fb,c
1a6f8bb2-b63b-4c10-8052-61410dadc17b,d
15f12797-26d2-45ed-b7fa-a71ac65c06f2,c
0f49fd0b-af0a-41ba-9f2c-ec5925d1a5e1,d
b8629e97-e4b9-46b4-9178-c083757dd6e8,b
1e9c38e2-ec8d-4940-acf5-9b494b604350,d
22bcb630-8b36-4be9-b9a3-914a655d9d3a,d
dd7ec62f-2a48-4885-b3d5-05998f76c88e,b
4f4055c0-8ff3-408d-b138-274d2d75736e,d
69900d33-9e67-4209-98ea-e19024332dcc,a
e74576f2-c744-4fb4-a6c3-18fbb420b0e6,c
31d238fa-2589-4695-9391-1ba19dc40742,c
8235e669-6b59-41a3-8845-77a2208aa174,b
24f64bae-5822-489b-92c1-32cd0fe7774b,c
11f65871-156d-43de-af80-46db2bd27072,a
087a7b26-d8de-4aa3-9075-cbbacc83e222,d
66dc1a4d-2312-4adc-a20d-e86a1a9c98c1,c
3ec1b9ae-95d9-4038-a730-f6ac56bd3f76,a
11cd0a78-1383-4903-bc83-9033f675a92c,d
6dbaf2f4-e0c6-44b2-a06d-6ad30144f689,c
a33e6138-533d-4daf-82bb-6067e5f3488f,d
7399a2e9-07f0-43bf-b7fd-088dbab3b03b,d
255d1eac-6d17-4eb1-81df-2418f07a9aaa,d
a16054e8-0ca0-416e-bdce-ef7812df4d51,b
f78784c9-1a73-4206-80a1-ad04f43adb9b,a
515d3e01-8c8e-4216-bde8-3a32baa69114,b
5302baac-4b9d-44fe-9494-e06a08c38022,a
8aeabc1d-1522-44b8-b8cb-1b882a977bb1,c
66abf938-e054-444e-95a2-9c4fc05ee1bb,d
fbd9683c-c001-45d6-a4ad-6e8eb92f583a,b
1089bd4d-018e-4d75-8437-bea077aa03cd,b
dcaa59be-3d66-466d-afaf-937a79d2566c,c
d91f4adf-7d54-4849-9e6c-67c45d8ca59b,a
f0a9a7b8-f5da-44fc-9768-b9d8f532e7bf,c
fe821f3c-6139-41fd-a637-337a0a19574b,c
9915f232-d5fc-495b-ba02-8903c93e885d,d
e14e843a-c10e-4c1b-b716-8686cbd6151e,c
0978210d-178a-4be6-b06a-d981480ce3d9,a
3650818a-2aa9-490b-b1b0-d278ed475b19,c
1c1b3a74-b426-437f-bd8a-50a9e712eb3e,b
2cd30f75-a70f-4a30-9879-7b571ec7950a,a
0533b278-f1d9-4153-ac60-e52e420ca7b1,a
fcab3095-01a1-4e54-b80d-65a058259fb5,c
43adc3c8-16f7-469d-901a-df5719867dec,b
9d78bd9a-26ac-4a1c-b51f-ae2663d0fb32,c
e4e1ddd7-2cda-42f9-a229-0baf22e4fc16,a
277e2fc4-77d1-48e7-93be-3e551d4f71e4,a
ffd51201-60d1-46b4-9812-9c93fb153e2c,c
a372b191-f1d6-42fe-a16f-29a649f0d3ad,d
d0bde6ad-815b-459e-a120-39ee01475e0f,d
d6c7480e-c17c-41d2-aac9-0b04dbdcc50d,b
a58bb24d-8745-4d2d-9bac-1bd8d4a29649,b
bde2736e-bede-4317-aab1-a89e7cc12fa4,d
6ef5d854-3b90-4bd6-9c53-faff0427c5da,c
981d8900-370a-4bf5-96d5-93731d89298d,c
8057227f-d072-4f1d-8da9-bf3cf8a5d240,a
20eee526-9367-460f-b4e2-82d116728ec5,d
0417bc7f-8aa8-436b-a836-3b01f9d75795,a
46d130ae-1e6d-4cae-8134-42d86ad0ce15,c
68aacc8a-cd8a-4fb4-9bcf-349404ed9ec5,b
1de559ba-0ebe-4074-9f98-4c3c04660a89,d
894642c6-1f39-4cf6-a075-75bbf45e290a,b
0c2555d9-e9d8-4638-8dad-d45f6d3e8a82,b
6208056c-7cfa-4bc7-88d3-5601eb468b48,d
8e8ddf7d-0451-45ed-a68b-2147c45e36d6,a
70b06cd6-1191-4a42-9757-b0c1a28e60dc,d
f46ce835-4d49-4f99-ae93-05c0e08b4ca9,b
fc0d29c2-fa53-492d-a256-4e210946d620,a
9c1e3b83-07b1-4a8b-b3b3-822fb798ed3a,a
de6f45f5-324e-46e9-9660-960039cfec94,d
7a5868b3-58a8-4912-9069-b050f1c81df5,c
b370a8e3-e026-4d4c-9353-12bdff50f61a,c
f5b064f9-b4a4-47b9-bd0d-745a876b9547,c
262b307a-a240-4d61-b40f-68cb535ad7cc,a
29e27eda-d5cc-4a69-ac3b-8d56f9f2ca12,c
aeafe889-9730-47c6-825b-406886bbb9b0,d
82bf14cc-2381-4f16-9e18-d120c9641ff8,c
a11f24e5-1665-4719-b5b2-e7f9c1c74a1c,c
de98ca6e-a573-4753-9b0e-27e864836dca,d
71f8453d-c82f-495f-b4f2-294aed3e9511,d
d6829199-6bc8-41bd-9ef4-f8590f9aa8d2,a
8a39f78f-43ad-4058-9dc7-fde588109646,d
cc61831e-0758-4f7b-9474-01067bb97e85,a
d4ae4fc0-bb71-4099-b16c-4ef81ad7a9f2,b
42bbb01d-c43a-4fe5-85b4-11abd33d9bf1,c
e19881c4-81d4-41a4-900d-2097e76cb079,b
e121175c-83e8-47fb-8ac9-4c876c510be0,b
c93cb812-8bce-4637-adc1-90fb04c502ea,b
f4925874-c893-4a72-9840-073d3020b917,d
b5385e82-a19c-4c14-8f32-fb0754e3e537,b
b3b9a1e9-53fc-4400-b6f7-9e285de69af3,b
2d8e006a-4c6d-4a86-ab83-c62d622e52a4,d
4528c00b-1cfd-4a78-ad3c-21266237487d,c
92b51389-f5f4-4ed0-a58e-e528814d63fb,a
a18ca628-cbd8-4670-ab97-844195b9e79d,c
0c6a8d7f-0f20-4773-afbb-588eb14922d1,a
66ca8237-a2bc-45c0-ad1f-2d1a0fdad07b,a
cc91578f-be3c-4e95-8449-565c1b146dd7,d
b7ddd2d7-3e4a-4bab-a9cd-6272b2fa827f,d
cb125265-b063-47b2-b5c6-82ed79560a39,b
19c1bc65-9ad2-4c67-b213-475f67726a18,b
51b1de26-8a14-4f43-b8b1-dfa21a39364f,d
9c056bd7-f1a6-4f3b-87ba-53712785e7d6,b
3e7e1bb8-049e-410b-baa8-6ce9f1ad1173,a
82b3d819-802e-4116-ae4f-d22fe3f02a0a,d
08338025-e249-4702-a67a-359f1aab5416,d
877bc303-1f7f-47d6-b064-9137239de2a9,c
16fadf25-15da-4866-be6f-be25a5c96f58,d
010d0048-a765-4268-b84e-70c01f3b1ce8,a
85eb8009-1d86-40b4-bee1-28437b9c5092,c
6955d191-8473-4f48-984f-dbfc02d21a28,c
e21fcd33-a1e7-490f-88f9-839d3ff5cb38,b
2474cd62-da66-4c69-a68a-02d0fc4f991b,d
c99cf25e-d98f-4559-8bff-db479a9ca29e,a
6db5f2e1-a1d6-4bca-b4f9-1fb0eb0ddd35,b
c542779f-04f3-4fb8-b556-b4b75dc936c8,b
ba39a84a-0e11-4b6e-8c83-4feb04067827,d
c3ec39c6-a38b-4bb2-be8b-0de0587c7122,b
e075945d-a27d-4afe-8b79-91d0134e7b17,b
55984aaf-4dde-4995-bb40-72ea9f993d2b,c
ea93eb79-1f9c-48c8-8b51-159e9ceea302,c
2f3007c2-998f-4a50-b83e-31a93694aba2,a
5cff82f4-4aa0-4e45-a93f-5cef3e655803,c
d53a009e-c592-4ccd-ae86-a67a9f31755d,c
7d0f1266-b18f-4eea-b648-6a5e5b6ab6f1,b
16b09a0c-a331-45f0-bca9-8110d7f16cd9,b
0ebbf40b-1c67-43d7-862a-1d691745e722,b
d4d72947-c34a-482f-b3e1-bf10790982e5,d
13d6f25c-671a-4ada-a072-8206944ddaa7,b
a935ec9e-f198-453c-86d7-7ed8574a12c5,b
38329f7f-51c1-4733-a595-25039e3e754f,a
ca9c77e2-2c6f-427c-9853-06ccbd1dd9c5,a
f988991a-ee79-4ea8-8a27-e520a6772e86,b
42b8c1f8-b18e-4b0f-bdcd-665cac5cf5e3,c
f3e9c362-e06d-4d96-bf71-4a82905a15e3,d
8e462c6b-2c85-4858-bd74-94a5e79924ea,b
5cbe64c0-709a-49f6-8bff-998f9e2a352f,d
32f8d2d6-6683-4e4c-940e-65f8b951e493,a
57e5b074-a369-4508-8ba5-deb3826322c2,b
f067fb70-b654-4efa-b288-9712f36c34f1,b
6add89ab-4a2a-4336-966a-83a0cd6e5af1,b
266b0834-e075-472b-8344-f1ed8b4cb67e,d
72a4ee50-cb9e-457e-bb34-0606717b8934,d
845a8923-b6fc-4ae4-9931-a7841e9ccfe0,d
0884daed-ff58-4557-8986-13b007c9361d,a
42fc23c5-57f2-46bd-93fa-ef884cf07263,d
2ffdc5b8-37dc-43fe-a537-3f0bad4cf5af,c
8372b4f9-4e07-4879-82f5-fd0b99d9d153,b
5c5d1121-20c0-4321-b2ef-d8f520aafe28,a
3b55d4c0-c3a8-4872-84d1-dead836b08b4,c
67c9b51a-9b06-4f8d-b434-4aaa080b4cbf,c
491cfacb-428a-4eba-88c7-a0ad50f854dc,d
8a3f62d9-a43b-4beb-9e0b-d8c90e9b07fb,d
80e94416-73fe-4e2e-9e84-16ed21335ec0,c
0232ad72-807a-4417-8019-808cb9784300,b
5bc09f07-caf9-440e-bb75-c9571b52176e,c
b3f9a041-f129-41a2-8b40-5bf420ec3fe9,d
8dd728d8-d313-4d06-9220-bd1c0411d935,d
1750ac26-1c9a-4d53-a23e-41fb16d8ff6a,a
f5e7ce89-547c-403b-b57f-43a93c9a6b7f,a
e806e1fb-3727-432a-a0fe-7ef8d62781ef,c
e0d70c78-4b36-47cf-813e-f2a0d00fab0d,b
cf443208-7023-404d-86e7-ecf10346150b,d
de1c3590-e3c5-4a48-9825-bba7c695a9a0,a
5914b260-efdc-46a7-9131-2a8d64be232e,d
063edf76-3a7a-4144-a58d-48f3c6f99f54,c
40e8333f-bb81-4349-a67c-e51ae12f428b,b
ef209d59-e3f1-41a2-8704-41eaa9a774a1,c
e353d5bf-ac60-4bd0-890f-a70fc47786f2,b
9df2f34b-cb66-4b3a-88bd-a44ec5667725,c
dd0f6fdd-993a-4e79-ab0f-297e92c3544b,c
e78ae56d-c4b7-4fc4-8ad1-117605fe108f,d
cd8fb34c-e31f-4f26-9d99-3658f60a9622,c
bc5719bd-4f19-4522-a5bd-d9affc4ebdd6,d
649e9b20-2f10-4baf-902e-4c8e233f0435,d
c2de3dce-d822-4936-84ca-2c23ffbe7b76,b
10626e99-8a35-41b0-973b-c78b5ff9d9e2,a
7f94525b-aef9-4133-8c75-513338f8e360,d
9508805f-87ce-4ff8-9fb4-429ef963990c,b
7e985b71-d182-4d2e-8edb-87e83f83820c,b
ff15ec67-471a-4be6-b8a4-d63928b470bf,b
0605c9a7-3ac5-42aa-8cb7-83b325944bbc,b
d1abade0-aefe-455a-9760-49747ee941be,d
9fb15fdd-67b6-4c9d-a667-0bf9c1b77399,d
05ed1f14-7274-4252-8899-66169d248afa,a
4d333047-db7c-47d9-a1cb-eaed5e2c983c,d
5a6d2394-72f0-4ceb-8eec-84d18cc2f4bb,b
d6fbdc0f-6816-4341-9176-a8e3455a2a42,b
be92c1fd-c763-42d5-9c6e-5a9c0b177426,b
89e20693-af39-4d4e-a776-1145f3161ebb,d
2ccda630-8e6a-43d5-a148-e275b7cc2b4b,b
8c96553f-de6b-48ce-9a39-09858dd45542,a
b15c32c4-a988-4693-9cc7-19824f36edb8,c
91dacadd-762f-4a11-b1cc-53652d46dafc,c
3caad773-3599-4fde-a7e7-581cfbecb603,b
2f7f24ef-0ddc-46b7-8acb-8cc862d31c1d,d
5a7313bb-bc1d-41d2-9141-15be47451582,a
ba60ac24-42c6-43e7-bacc-8a4ec835e9e8,a
ead19052-ea23-4c6c-a186-29f5250e5c30,b
6b3bff90-85fa-47ea-a72a-cbe239c903eb,b
a44bbdd9-abfd-4d89-b982-2db2411a70de,c
27fbab7a-3057-464c-a7fe-eeb2d3e89997,c
452d5fee-fae8-4118-82e7-2edd537d3f83,d
d205b28b-6d29-40e5-bc55-0f2673115ec0,c
f4ffa812-f585-4713-a9ad-723c8e50791c,b
b5146bd7-67d5-4206-adb3-35484624deda,c
6a2ec339-8d2d-4311-b940-68d5ec055925,b
b3f3732c-6586-4d90-8d94-59e540477c02,d
c2bf4acd-8db8-46aa-8617-561f71ad43a0,b
8fc27877-2f32-4b32-ae91-8fcfedf15083,b
f6b9dbf6-f5b4-4690-86ff-c403786acc1b,a
4565641c-0a42-49a6-a7f0-adc92771bea6,a
495e1ebc-a525-4964-a480-7a32600f6ab0,b
c057c2c8-b33b-4a30-b312-cddd13d2e1ba,c
da7150dc-94fb-4a81-9c25-eb71ae5d014d,d
32bbaf97-cd99-44cd-8df1-235d23feb7a5,d
db33d28e-86f7-4287-8b2b-f56545e72a9a,c
4f44adbd-a136-4a53-8bf4-e055d43565a3,a
d89baba3-5945-4c4a-95d2-b3ebb2d4321d,b
89fe4c4d-450d-4a54-91ad-618d584f02c2,c
8e81cc6a-0c21-48bf-b3df-20eb3c56db83,d
b874b4f6-bfb8-4d30-9977-39a2716238cd,c
9adba750-caf5-457e-bc3e-3350bacb788f,b
bf293122-472d-4f20-ba6c-263764aa7597,a
1803787f-1732-43c5-8bc8-6b3a7ef4d87e,a
b0bd8fc4-2b49-4882-a783-27b7c4c786e9,b
d9f15a55-a7c8-4e83-ab73-996fa77770e9,b
ff5d473f-839d-445d-b5dc-8f7de9e08471,d
75f14943-8935-4a90-a145-bf31b1f68849,d
eb4bb7c2-d190-47e1-aa8c-c3e68aa43f6b,d
656c5bd3-af2f-4e4d-8fde-6c5fee689c00,d
e1a248b6-5d20-4a67-92d9-49174e0b40bc,c
b3ff09eb-1b97-4d2a-a0f2-f9cbb29c6f3e,d
91fbbd55-27d7-4a34-9ea7-16fb462d486b,c
e537da8d-120a-4986-af1c-9ba5ef3e26f5,b
3300b620-38ff-482d-b36e-841b68ef85a7,c
8720e4b6-75c2-4837-8c1f-ee3583ed9990,d
7f8e7481-f60e-4786-8b49-6119c41a6907,a
23ea38c8-1069-4bec-9676-102517d471da,b
eba06faf-b480-4de9-9fdb-bdaed61fddfa,d
0a79740b-9bb5-4097-bbf7-549149a517c9,d
1d2960b0-200e-4d1c-9c3d-8ae71f9dc68f,a
bb2bcae0-c88f-45ab-9352-b02ea18dd698,c
1e4be8c5-d335-4194-8535-37a3a76cd6d4,c
920f5448-6587-4d00-be71-9704786036ed,a
adfbe39b-9e36-4afa-a384-268aab34c9b1,c
d01724cc-c186-4dde-b0fe-500c5a35862d,b
e18fb19a-567a-481e-9649-5f7b9e62dcde,c
a9a17777-0a69-45e9-ad0c-1e0acd7e15cc,b
2e590016-733c-40b2-a6e5-e8e44a6e1077,c
15246e53-b7e6-497e-8157-a5633a604c83,a
21fd67c7-1b95-4af0-a3a8-818ef352ce22,c
2f7f6ced-6574-4238-87a5-18a429cebac0,d
9be3cdec-dcc0-4684-8b68-6ad44478a703,b
78bec405-98f5-4940-82cf-9fa79223117b,c
ad88d63e-3efe-4db9-82e9-0d1f6b0842a9,d
5561ac5c-0201-40d2-aea8-c59755ddbdb5,c
e50777d0-75f0-42db-83b8-67683e08b8e1,a
5b88862f-3ad7-46ee-baf5-b0b02bf80f14,a
015fa566-ec9f-4de9-9472-e13394cb2207,a
bfd64917-783d-4dec-bf77-8c21cc11f473,c
97366ca7-c49d-4b2c-8670-a48d26e17d96,a
910148c0-a274-4234-b04d-f1cd2acb4b27,c
903cf902-4d71-4069-b9dd-39b96598a0fb,b
d67532b6-5256-4a7b-b387-252a0288bd6c,a
cb8d8efb-3172-4251-b926-e20e952d4ca0,c
18ef5911-b06c-4d48-b1c4-bfcbf14b9323,c
b60d5766-838a-4afc-bbaf-275d7fb9eff8,a
af516d68-cf77-467f-91b9-21d654d8bde1,b
323dc692-0521-44ca-b641-23b9c317408a,a
424c12b0-b763-443c-b730-53e08b8a0c0d,d
e6cfec2b-4582-47b0-8d89-c3db0296a37a,d
cd8c9b9a-8383-4eaa-872e-63f31ebae936,d
72290cc7-3c2b-4da6-80c4-c2da977cb249,a
f27a8ded-78f4-4580-8539-1840ca77ea04,d
3f21d973-3e18-496f-9512-094fcfe78a98,c
85958b50-1aa0-48f7-9493-058a545ac0bb,d
1db43bf7-9957-4f0b-9def-d4f640fa3eb2,b
2bb8ce2c-8545-43e1-8328-8419d5b44ef9,d
2dc5f7c4-3cad-4328-a32a-9a953cb0aa4a,c
2a7648ab-eec2-4a95-b243-0011dba71041,d
0875ad40-fda6-478c-a1d9-7d064f607362,c
60817084-b20d-435f-a9a8-c45934f735ed,a
276d31e6-9399-4c4c-9254-ac85ace4e09c,c
cbb58afc-5380-49e3-af8d-fa711b6060ff,b
69992554-a72f-40ab-99ea-a0079e192e0e,b
829505fd-699f-47c2-88ae-2c54fe42ca71,d
9e849fa3-90b4-49a6-b7b7-662e63ac0a94,c
65cb74e7-89a9-4a9a-a5db-562ea0b8477f,d
1fa83ef9-3e0a-4a4f-99a8-64289992d0f7,b
2d521804-aa4b-4032-8bd7-926016701035,c
7ea5fdbc-d1ee-41d7-9c85-5f9412d9a84e,b
79c90038-9ad5-48d7-bc7f-b360d23749c6,b
5bf7e171-88e6-4752-a248-9909d8538fc3,c
abec43cf-8d2a-49d4-8385-b420efc7c4f7,c
50538a43-3ee2-44e7-90c3-8ec2f87d9248,b
9e2f0320-529d-4d7d-8696-c07994c7f8a1,c
d30c8d41-b72a-4491-87f7-f8043d2a269e,a
8e6a3b3a-f25a-4eee-9d6e-d245c6888415,c
a0f3c4b9-53a7-471f-879b-5072757e0dcd,d
5d02c34d-e181-48f3-8828-2046582b8ebb,b
1aa4703b-eac1-45c3-8fb0-c262ae75cc8c,d
978b8175-9990-4f6f-93d7-dc97ab4bb7d6,a
256cfa4b-5d38-42fd-b964-8cacea8d3313,a
f9614108-544b-4afa-b3f0-d377aac0e949,d
35597bd2-1d17-495d-a3f1-6b2a07809500,d
0d13c754-9051-4b97-9e93-dd8c42552978,a
aa66358c-6a5e-4aa4-a562-7144ecd6eb50,c
44527664-e81b-48d8-8dd9-f1579f2c8ae7,d
793d5ccd-c9c7-4559-ae3e-6571c63f037f,b
a72c0c99-35d7-475a-b604-76385c60c29b,b
cf8bbcb2-22a1-4685-ae63-1062909d2cb7,c
5179c46c-0089-4308-81e1-c46237acd28c,b
15d10a13-e1f2-4894-901e-d86adbf81f22,d
611d1dc1-8c82-4847-a459-0c5a3f13d752,d
1c40f5d5-47f6-432b-bbe0-8bac71645272,d
4749706a-5dfa-4516-95b7-d71c4d284842,c
5a815aa4-7b82-4611-afca-b947ea5ca70b,b
a7ef1c58-dbcf-4328-88d5-2ae0f8b9af8c,d
fc47ec39-46fc-42d2-bb89-5e607cb18edb,a
0de825fa-61ea-4949-aa7a-10394b1267c6,b
6f0738e0-f5e7-48e8-80fc-63b2e5849395,a
e687be2a-8757-4b1c-95e6-44f6ff5b7938,a
c8606ef8-341e-4b5c-96ee-198a1a66821c,c
8518954b-14fb-4d92-b378-0789dd983c3f,c
a6722e8b-e63a-49e8-9e58-2de0f0e9f62d,c
19a8b23e-6c05-4587-8bfd-ce61174c2934,d
733aea73-d8c0-4776-9464-e154d07ab5c8,c
29eb8875-1403-4a84-9b7b-83d9bb01d7b5,d
5dacd5f4-e664-4548-819c-25334f6f8e39,a
bdfd11d1-7e63-4c8b-8a3c-98b663201157,c
f374d075-ed0e-4ba0-94cb-a0f12ac050d2,c
b7883b5c-d66e-4381-be80-a7b71dc381d0,a
43485383-56d5-4661-841f-fc1f24e64e81,b
206b5d59-45f3-4715-9ffe-02d96543d806,c
2565c3a1-957a-49ef-8024-b32cf1591917,c
4643300e-20e9-4c4e-813e-25e01a990249,c
7c4e6de3-d5d6-43eb-8a4e-e1663338b4b9,b
126cb1bc-c31a-4169-a8ba-abd47f361489,b
8c5192dc-addf-46e0-8749-3432b23adb81,a
830ee15e-85a3-40c3-b5ed-6acdcfd08788,d
6bc12ec1-2bd7-4e85-a6d0-0cfbbf67dac1,c
a46edeaa-9dd4-4a25-be46-2c298ac9b68b,b
20fb51ba-27e7-4faa-8222-d701ef0280e3,c
a4da055d-6cf4-434d-b0a4-97a4e2930c6d,d
1fe897eb-f7d9-424e-a72f-e88b33cebc34,c
fc4848c3-4eb5-45c8-970d-61c789d9380a,d
edd7905b-b1b0-4b82-b954-c50a9667d47e,d
46a03fab-145c-4c4b-be31-6d11e1e36997,c
1a0df4a9-e026-4017-9143-3ecb3685f198,a
7217b29f-5a00-449a-a650-e8a114bd8f11,a
8c98730c-8565-4f26-ba00-f144f819077f,b
5839a23a-17c0-4bd4-941f-5cacb30d12c9,d
f79e1db4-6cd6-49f6-851f-827f1735059e,d
5367b519-381a-4593-b53a-2b1f1bb9a48a,d
94d79d5b-6051-4d2c-8d3f-fc953261a07c,d
8934b0f5-991e-4235-b351-8eff475097cd,d
a011a1db-966b-45df-a7d8-7933cf3e93a3,c
bd9f4611-7c3b-4299-9fef-e3f8c1ac77d8,c
34fdaaa2-cfa5-4d5c-a05c-7edac768bbea,d
904f85b3-ec1d-4493-a6cd-5f97a38baf01,b
d4327b90-e050-4176-a566-85b3ce9e5bc5,d
91f6db54-1b05-46ee-a93c-ad8a09addd13,d
0176e90c-994f-4ccf-9980-7d7d74d238ca,a
7965289d-d54b-49d6-b8d6-05681d953ba0,b
3a00488e-9e9d-40ec-a79c-e61061871b4a,b
ede17a1e-f2ab-4a2d-a372-053116ecce05,b
6c10497c-5be3-41e8-92d1-b7ff84cd2483,c
60d87513-cee6-4acf-bc6f-7d7973d23087,c
e9ddf9ed-f381-4f82-a48f-5a9bb1b94e63,b
eaf5a12f-013a-4854-8b51-aed348b9d6fb,a
8a79f334-2de7-4ff0-974a-2752e62cf12c,b
2519aed1-d5f3-4050-adb5-6435490eda26,d
ed0ff8fe-dca7-4b47-86d0-3fa0f88af052,a
695c2964-4438-4035-af1d-27e4f17427cc,c
1b819747-272f-4414-81b4-ee8bca6d2afe,d
3c105c4c-9cea-4070-b9a3-9833425cf216,a
9c954055-771a-4610-a4b3-992803627681,b
f8bf4e45-de2a-4eaa-b972-e4beeb5e828f,d
2f49d986-621e-44d0-ba9a-4bc3ca36b166,b
cba1c6ac-9440-4b9d-bc8b-4ea60484830c,b
259b48d4-d98c-4bd4-b221-deab44fcac1e,c
86514915-c0ed-4381-b503-3c872b077074,b
87ef586e-6ca1-4f21-b783-5fd05f1e7a73,a
8685657a-f9d1-458c-8ff8-eb09872284d0,c
59361850-b2d6-416a-bf31-a192dde72c35,b
606aebe0-8b8c-47af-ae51-f6d40515862b,c
b79e1a29-96ec-4d0e-b621-4b63f225d62e,a
20111d5d-1481-4e4b-a102-c9ee99722072,d
9285275f-2a11-4944-b413-d3a5cff9c93b,b
cd815604-76b2-4287-a94d-aa81a5e709d2,c
75fd78b3-f9c4-46d2-9f93-3040fcec5f98,c
088700a3-6c88-4fdd-b3d4-5b8bde4eac3d,b
35d7fb10-07d7-4ffd-b0e0-4911195b1e41,d
64798706-701c-4cf3-9a51-c4e076767191,b
6ec9228f-8c4c-4ee9-85ed-4339946d2019,b
c81f8e6e-4baf-4314-90df-4b7c9a3256f8,d
40d79e8b-6430-4e10-b194-9a755254cd14,c
568c292c-0026-45c0-89cd-538cde5d216c,b
cd193c04-3f66-4d2c-a6f8-06f4bb98066e,c
e3fc686e-b026-468d-93f6-07ade36e90d6,c
b4582fd4-8b3a-45b4-a13b-41dc282430ad,d
d8ca32b0-a19e-4aeb-b66d-8ba607221d87,d
0fb708a3-fc1a-400a-94ff-dc786ce21e3d,d
d6af57bc-a31a-4319-aa74-153463c5d837,c
eff7256e-c9fa-454f-9e11-152227967630,c
6b68c2fd-578e-49e8-863f-56da49a5d765,a
b39da900-a639-41b3-94fa-37c54704cf8a,c
ea71b0d0-3583-4cdb-9022-896e5ae6ae76,d
6a5f5e41-2051-436c-a622-aa7121939f9c,d
8e0a5710-cce4-467c-9293-054c33631229,a
bb7f9067-ded7-44b3-a428-692d1de583e7,c
70fe9a9b-319b-4e9e-82e7-2699529843e5,a
b7716bd5-11ab-42df-bf44-4f912f074d36,c
92e3c4f9-e948-4ff6-8145-2481285fda1b,a
52b1b4bf-a263-45a0-93fe-dbf069a10c94,c
424250ab-1c9d-484f-ba9a-94b92da72464,a
d47f5451-392a-4ab1-9416-c07a8ea25aea,d
45f4dee4-3b23-42b2-a045-b8c3efb50778,c
709b7eb7-dd71-4a81-bef1-98bf6b5dc935,b
b3d37c17-2eda-4d7c-8adc-9d1eac1a8f70,b
5b7046e6-f9ba-4819-95c5-cae53ae3c01f,d
ec1c479c-ae18-4882-9d1c-b6c4067a0917,a
f1c887ee-b067-4d16-96aa-d0f03926a80f,d
a7d121e7-68fc-4fba-8d8d-492efc3e4d64,b
764714b9-2e7e-41ef-8ddc-e48088387a93,a
702e3b80-f6df-41ff-b47d-ce9a6b7cdbab,d
b0338e06-a7db-4166-a333-46af1105d408,c
f55f2e0a-0b3d-4805-bf5c-bc7ae5137047,c
d9e4f050-da9b-4773-8799-d8fcf2c2c6f8,d
4aa3eda7-3740-4a87-965a-87678d989beb,a
184bab42-314d-444c-9ead-b3ee6c854b20,d
4e89fef7-9b0e-4794-8e68-654fee3d0dba,b
602a3ceb-5052-47e4-9be5-80e0ff0ba888,a
274e8a86-680d-425f-aac6-ddd2be1b197b,a
1c7a71e4-5bc4-44ba-9dbd-4523d59393d6,d
8c7b1c73-395e-4f92-88e8-df29c5d7bdd1,a
6c1afabe-5249-4b2d-848b-1ba0275afa61,d
3ca07b63-f06a-4add-98af-1d57aa618334,d
f8446a8b-5c40-4a52-9aa8-934bea6137a5,c
add1cca6-9b6d-47b1-87d2-66ce9c1142de,d
24d15857-16d1-42a9-888a-813e5dc9fdad,a
45c4c203-b68b-4c2d-8e04-9e0babfd086e,d
e59baca6-47bd-4d92-a735-f66218f9e608,d
669356ee-60d6-45dd-a3bf-d0ae1a983285,b
72a365d9-0ff9-4dac-b8ec-764c6c255ba6,a
7d2e9bfd-85ab-4af6-9c33-fdd64c1b7c7e,b
41f82fab-3684-40aa-8ce9-882084b410f2,c
f7e57062-1c57-40a5-aee9-3c79d1fa4276,b
41b1e4fe-a0ec-493d-956a-d404173fa452,d
bf7f4867-a354-43ae-af3c-0741387b4cb4,a
a858323a-51ff-4cd3-b44d-e6a619d40be2,b
386a707f-03a2-4062-8d15-fa29756bfe99,c
493ffd30-5403-4179-8858-a6339702da97,d
c56f176c-a85e-420c-a9f9-fdfbaeba738d,c
9bed9c11-adc6-4f73-8afc-48089b14cf94,b
10af3121-9205-43e9-9ae5-90ecd5ffc318,d
8daba334-a532-4275-a29b-11b7f67fc77e,c
55a3a024-0e5d-4c42-9663-4dd46f315933,c
71685cec-4180-455b-bef0-258405bd74f2,a
7da56193-8b9f-4a04-9362-c87262cca879,a
13c27f5b-7561-4a50-9b6f-134b77b80f0e,c
4871ae2f-efa0-45e2-8aaf-e7bba99ca492,b
4803f109-3b85-4cf9-9d14-d9d65bc313cb,b
8d03fe62-0c45-467f-9d05-70da10dcb8e1,b
50af2b36-a620-4967-b018-7d046fe8335c,d
afd6f9e4-fefb-4d1a-a315-009f2f2a811f,d
07f28775-9203-4055-84c7-b87398abc635,b
82cf2574-2d98-40a9-982d-867730120ea5,c
d6d878e7-4441-4f1a-93fb-c1ba38787092,b
44fdfa4d-16fe-4483-90eb-a492c13e201c,b
04805058-0e98-4a77-87da-c41f3dada913,d
34d3617c-a638-4443-b0c1-945414f10cda,b
bed10dd5-77fc-42ec-a521-d58567d9c443,d
99f4e6d3-cb3d-44f6-b5a7-cfc36da9dce0,d
7e6b0564-ca29-4068-80ed-78fa25f1a243,c
f6c494ae-2b27-44b8-a411-6b442dfee850,c
b0abcf76-01d8-4f67-87fa-1bcc95bc086f,b
00b20081-e167-4c8f-8dbb-f50b6e244635,a
4eb6b919-ff02-44da-b667-d887282c4320,b
0f512239-27b3-4f50-8d8d-0c2e5f196eb1,b
e26bac3d-302e-400f-a4ff-840382c701db,b
8f969d57-a074-4454-91ac-01c626978db4,d
97d94315-82e9-42aa-8eb6-8d11f51835ea,a
54de0ea9-5c7e-4ac6-bf66-e0b1d33bde0b,b
466caed9-8225-4741-b69f-b11494d12eab,d
dae1b395-03ba-42f2-a90a-954e72d095d3,c
26c58777-9d1c-453d-bbd5-a15d3f732b47,c
a8fa87c2-6611-4f59-9f62-7a62dacdaea8,d
0c218803-15ab-4495-bd61-17d1e6a2c306,c
19f879bb-1fd7-4170-b94e-1dfedb83818b,a
dead1c0c-22cf-4c89-8880-a438194729e4,d
38205632-aec1-4c9f-aa98-dfb59b822ca2,a
b888e054-2095-4d68-a6ab-21dd7def2cf3,d
07594601-1750-448a-9fba-eca608ab1388,d
d2c3aaa7-0cbc-4819-b46c-9f7dbce7d2aa,a
1b71730c-1a81-457e-b6c7-0a6bcf9fe654,a
d620d7ea-5e72-4ab6-9062-b2e3996e1911,c
d62d38e7-9b4c-4d75-b541-6375387997b4,b
20db2df0-8194-4acf-8fba-a25979d0fdd3,c
3b1f7f94-76f1-4f94-ba37-2481e3f86f87,d
42761998-9f10-4031-914a-59660b0710d2,d
73e5b51b-4922-4960-83df-473ff6685a26,c
df6e1ad4-b377-49d3-bdc5-2b03194beb63,d
51358323-74d4-45f1-a0e7-d1077d1e774f,b
0ec095f1-b697-4d43-93ef-e088b4c34eed,d
491c8a80-1baa-4fd5-837d-9462d4177d8f,d
c799fb13-8526-469a-b6d4-470d47071ba1,c
f1f61183-87be-4930-a91e-fb445a7ca3e4,b
f83bebbb-70f9-4b43-a043-b62658a65327,b
d50989bb-434b-49e1-bd09-4cdeec7ab94a,a
a5c68f13-a28a-497f-94c3-c27a49383cfe,b
99ac6fda-9a5f-4a33-8db9-73aa02b34dea,c
52305394-3507-4af3-8a82-16653cf68626,b
5d6e8f5b-5b79-4162-a0b1-996ab4c309cf,b
9b359689-dc0a-49e0-a0d9-515449cb93fa,a
babb7943-8357-44a7-8f46-04f648f21da4,d
cafd9175-e7fe-41f7-9a30-d6856170a17b,d
d20183ba-85b8-4d53-8fba-7dd9a6a1ffae,c
1ddb9f9e-478e-499b-840f-7da54aae61e9,b
66903dc2-10d4-4ecd-b83d-2c2439d25b56,a
82114c9c-0aa6-4703-8c93-6023f20920af,d
c6244879-e120-488b-8f30-b969c86f4d16,b
dc8853de-c7b9-4cec-8b09-91b766398d7f,c
c93b44e4-4abc-4605-b965-db09437afd93,a
aa51d2b8-7182-4838-a569-fa5ae32a4762,a
c0eeac8f-75db-40ff-a5c6-3ce7a23f8144,c
2c66ae71-1798-478f-8687-89caed337c78,a
7a9e6a2c-df57-4ce2-ad94-ae3f2d32c370,a
f80103d5-433c-4236-b888-0d57e4379e40,b
07ac78fa-5723-4853-87aa-6426432a0015,c
2e5f142f-6d29-4cfb-ab65-0e2a13b63bc4,d
31631b60-feb0-4cb5-af10-ce5ff9cd93f5,b
da997787-7c84-4457-b9e6-2728aa0f84a4,d
e3833734-7993-423d-894c-211baba5c380,a
990ddd9d-5c4e-4e48-902e-c5b9de112354,a
432ee813-a837-4d60-ac4c-7f196872671a,c
d2938295-0c42-4c59-80bb-6481bccd1e7b,c
8c2e8538-009a-4896-9335-f81f118e5844,b
e02a273e-fa89-4198-babb-6fa8aadd7087,c
61bce761-71f6-420d-a6a0-70ca15373a69,c
5745e39c-f1d9-43d5-aff0-97b853140851,d
9b30077d-4009-4d05-9e9c-cd9141452f46,b
c6b777c7-2caa-44c2-a8fc-9b610c93bc6d,b
f65fc317-5602-4818-9302-7fe4ec322f13,c
6e5baf86-9f4f-448f-b6f3-1a24fe316999,d
9d758a96-f1fd-49a1-893f-4782fdf61b6d,d
17eec7c9-e8ac-48bd-a0a4-e6d3e3913a5f,b
7d32a6d2-dfae-496c-9e75-ba06e7bdc796,b
79d2a8aa-7ee8-427c-b30d-b9688c03ce17,a
dce86b06-f3c1-431a-8931-052b6076473f,c
29d4ac25-f7f0-4d02-83ab-f763727030b5,a
b538bc64-cd8f-4f43-9e48-6abaece64f64,a
0f8fd102-4e0c-41ab-b92f-6812b3b92923,a
7fb359c0-8ad1-4ec4-bbf1-0706cf3577bb,a
6aeabe0f-c67f-4f56-83e5-8331da35e941,d
57211c94-74e6-4486-aaf3-50039833727e,d
a01b968a-4586-477a-ac93-6db2960f63be,d
e1f59f33-6967-4d19-abb3-77e988c6220f,b
d2a3b916-5d8d-4317-afe0-8805258b93f6,a
197bcf45-d0f9-4737-a5b9-f3bdf240f2ba,c
6304f592-17be-428c-a244-df719aec4fa2,d
f5bc68a1-b10f-4c68-9c29-3b031bbdb23f,c
432785e0-a675-462d-b86e-e03b6e1975f3,c
e7f142b3-9636-4ee1-86cc-c6524bff245d,c
d8219f77-68ca-4690-8a62-1ce077084785,b
6356d900-0e84-4cfd-a1e1-1ffc65d23a01,c
caf85fe3-cceb-4a14-8f38-b46afd6354a5,a
7f2af287-40f9-4ea1-9e5d-c6ed955ec35e,a
bb1cb7fa-b0f7-43fb-82ad-a5b92222aca7,b
cd387aaa-076c-43bb-99b9-21bd363ae50c,c
18f92bd5-d9c1-49b5-8a57-404b82fecb2a,d
487dcc9a-f510-4e81-8bb1-113920bfa4f6,a
a2c2422c-54c3-4c10-8c49-ac1a3c4af138,c
0881b3d2-7076-4ec4-8a49-a34ff36d6e7b,d
4adbd437-a36a-4ed0-a4e5-1c0899a6de7d,a
1a5c16ea-e849-4d09-af14-51c8dcb3d377,b
7f0854ce-7d96-4e2c-9b59-552dc9789c58,c
3087f1ea-a7e2-422d-a842-00b1095efaf5,c
5beefdb6-6162-463c-ae2c-6f0f365fee48,a
dd9011f0-f84c-417b-8ae0-8049a134b665,b
f3067989-c3ea-4417-94e9-028a3bd65969,c
f436773c-dc60-460e-88f8-86d44a157024,a
ed35eae4-909f-43e4-a972-9d6768241ab4,c
1a43c7bd-4e57-4b97-8bfd-2772326af8fa,c
d967446e-40c0-41a3-b873-8b22e8d14afd,c
f5f2e56b-41da-4375-aa6e-7aa657973bb1,b
636654f8-9d80-4570-955f-01a13bc5e684,c
13cf92f3-1e83-4cfc-9065-616edf1e47ad,b
5f2e29c5-0b41-4f61-9b15-4df5d1c97ce4,c
2ddfa7af-cca8-4d94-b3c6-e55069cc0c84,b
97cb56a8-fda1-4247-8152-21208e89b39c,b
002eed4c-e751-43b2-b6ba-a333d701a6e7,b
9a790e09-258c-4f32-b98f-eb5e62c92d09,b
91c053fa-e63b-4bc9-9c0f-5762e118ef08,b
b68fbb8a-da8d-40c6-b014-e839b815fe3a,d
3808c2a6-76aa-4f58-a767-df560eaa2bd0,c
9a8180ca-e2e8-4e8e-9b09-f090dbf93346,b
4765de9a-233d-48c2-8468-4179824c7558,d
34746a60-2801-49a7-8530-40012a004336,d
619bc4b3-3355-4e21-b908-90deb725ec9b,c
7649a7b9-e1b3-4352-af8c-c0be7dca29e1,a
b173f267-5448-4d99-bf8b-6d3290e4473b,b
858789fc-abab-41eb-9152-b9c7c0bb1f7c,b
afabdf28-3264-457d-836f-2f5170e450d4,d
8b822a8f-8d8d-40a1-a866-750826e10833,c
bd4d6d58-7bdc-45ec-9f10-c4c56f6d916a,b
06463fed-686a-4543-bcab-ca830ea74b69,d
a9ba10eb-c235-4935-ba6e-5c3f13555f39,b
5ca38c74-70b3-4e89-bfe0-f5963d018278,d
7e25400e-9b48-4bd3-8df6-f62c94888770,d
d1e32a96-42ee-4402-9d4e-18eb4916801e,d
d0219495-530c-41ef-8742-6b3daabe5983,a
836c53d4-c359-471c-90a1-3e89ce56d0d3,b
46efb397-97e8-49f6-b11b-b85ef0dda6b2,c
2d9452ef-eb82-4583-843c-27b21a58568e,c
3302d48c-4934-49da-b490-7152caf4c3c6,c
a620b9c5-da3b-4ddb-8e4b-6d8c0bc027c8,c
4dd356a8-7df8-45de-b3b5-5113f1e12757,c
425f571a-a0a9-45bc-99c3-6cac59918c12,c
405ff420-d8f1-4428-9c2e-77ee5bdc32a6,c
45662cfb-1063-4eac-b123-ed454946b8f7,a
1702f2c3-a9d5-4103-ad1a-2ef1a3c59d61,c
2d9a482f-0293-430d-88d5-42d532a32b12,c
eb06ae0a-76ab-4036-96ab-76717618e940,b
0ae3f512-3788-48b7-ab30-0510eb0a3959,d
0f0bf854-7d03-40c8-bc51-6614788ed521,d
ee0abc46-0758-410d-a207-1648846ab7ad,a
071b61e2-7d1c-4e28-a59c-a9f7ba6b4728,c
8424a318-5b01-4d31-b493-cc2ed69d406d,b
612547f9-f599-4fbb-af83-24fe2dead253,c
1f0bd905-70ed-4806-98ef-0d4ec160cc63,b
f95c70b9-aaa2-4285-9aef-c66e49afe38a,b
8b03a2b3-d195-4bd6-b11f-0362beee109d,c
2eb805e4-effe-4e5d-a841-93e3e65f03a5,c
8d206dad-2bb1-4931-a30a-b9765fcb34cf,d
80ab4d1d-578b-422f-a9fc-4fae39c608d7,d
b1fed947-0ee0-436c-9eb0-bacab1fe08cd,c
3186ddbd-3ce6-49c2-9fa6-67622439331a,a
5a1061f5-7e5f-4fc3-b8a3-4dd9e34afb3e,b
24ebd0a1-2ec7-4b78-a095-b824259e6be3,a
78052861-3f70-4ab2-9a23-d5928ceff66e,d
00ef90ae-e06d-4dd3-aad0-76b957b8ea73,d
977e4f9d-02e5-4f22-afbc-a6f91ef4e301,b
c30bb8cc-a5b3-4c73-8d9a-0f682b6a9c15,c
5d6f78d9-5f1b-4afe-9d6e-90367620fd38,a
1d71e9a6-0e61-41ed-8c5f-8e5b4a01e652,d
0acb803d-8acf-4c2a-b051-080049060ce9,d
f6cc4f66-55d3-442e-afa6-0916459cbad0,a
087def88-04d1-4aa4-9d06-e1fa84558a24,c
64b907b4-b7c3-4536-8b22-e935ab2fdc22,b
b07c403c-0a8e-48ab-aa55-9ab759629622,b
ecdd41fe-23d0-46d8-84c1-f8859d7f5f46,d
f160972a-a558-4adc-9e05-be031c7652fe,d
b25412a7-f09d-4091-9bfa-9a593c1d9238,d
4218626e-117c-4d5b-8371-0ae623bb47e6,d
f2855137-ed62-45bd-9df8-98ec17d5fce9,d
b1d2c2f1-48be-48d2-a40f-c97df4144e59,b
e001ac13-efcc-4ce5-ad57-abc3c00e540d,d
59d4939a-fe0d-466f-aa79-794301be6af5,c
37ffbede-3789-406e-830c-cf37dcf45002,d
040876e1-e8c6-45fe-a71e-4f308d573da9,b
6efd5283-298c-43f4-b067-f5d834fa405e,d
2440e63b-8527-4d02-9527-304aa8e9b0d0,c
b4fde7be-0099-455d-b61b-9921273dc42b,a
b0b02bdf-543b-4d34-b744-8f72484c177f,a
76a75b15-16e1-49ea-9d9d-f5cb5c9051f6,c
3dceb991-7e19-4e92-9218-ad2a99471f0b,a
866ec2fc-176d-43bd-9f9f-0aa5151d8fcf,d
5da2ce46-623a-418b-8aaf-fd6f7034b941,c
3cf03a0a-3e16-4252-8a61-035da07fb797,d
def8345b-2c88-4f0d-8c16-1f32466ddb27,b
f990bc85-bd23-47b7-a70c-7773b4b61399,d
ceb301d1-27b1-450c-bd2d-8a66af973843,c
a6d9f784-417c-48ba-bc58-9f26670604a5,d
d542163a-ed30-43f3-9853-bc13281bc09b,d
5632a85d-98b1-43a2-bd95-4e382ec2cc1f,c
374031f2-1bf1-418a-9fe7-a34861a02c88,d
98f17568-b76a-4fee-bd17-a379611a2a3e,b
64a34696-15bf-40e4-9d02-d5b78e741750,b
56d7e8fa-79d4-4190-867f-ca68a3155edf,a
06e813ae-17e1-488d-ab56-bdfbfffd9602,b
15106e42-38ae-44f0-96f3-bc3626c0a2f5,c
20db704a-a3b5-453a-a691-ec7d6b47d3e7,b
684d3382-c3ee-46e1-8aac-020c24b8fcc4,b
848f2e94-e421-4120-aa01-4cbf50a4ed94,a
120e79b5-4a05-4eae-95f8-38b2897b1d7d,d
10c133be-4d5a-4b6f-964a-7ffa2367dae8,b
b322f0aa-b816-4ea6-a386-5e8583d26666,c
0db2ffb5-bbe6-4efa-ab6e-7e5191f59e77,b
b01441d7-4e09-434e-b875-b82cbd42d93a,b
db61bee1-bbd8-4482-9d08-0564ce4caa74,d
40133dc4-00c4-499c-b19d-bbf11ad08a06,c
a85b77fa-0743-4c34-8164-c8deb55b91ea,c
b0f75ac0-f35e-464d-ba97-a639cbdd039c,c
1df14e3d-e80a-49f1-ac37-4917889e7012,b
8a773ec5-07ac-4b83-a5d7-efa36a8ab0c4,d
d19cca1b-3d11-498d-8520-ebc6a39f76a6,c
182b5c71-ee1d-48d3-9242-21e242137015,b
270d35b7-48f0-4757-99ae-01d594fdfc68,a
f5df80ed-c65c-4be5-bb31-f9d03da0ab4f,c
05074028-3062-494e-844a-8a6f2eaa150e,b
8d126508-adf6-4dc9-adfd-4d5cd8de728a,d
03a9579f-4c90-42ed-be6d-5949331bdc57,d
32826540-6711-467d-842b-154cb7d54bb0,b
51afd9da-d6f0-4fab-a3bc-7be07c28ad22,a
7d366018-ba4f-4949-9d67-ec00b31501da,d
cb91c720-9024-4d3d-89e1-24bc7ad70084,c
a373f204-5f25-4e0e-850c-3c18a88ed1da,a
243903b6-f99d-42c6-a733-e1a7fc0e79e8,a
bcd5565e-0e1e-430a-8549-0fc9c8646627,a
ce74e420-e854-4621-a9b4-441574e3858e,c
29ad14e0-3fae-41d3-a3be-25710c188512,b
5576297b-bf4d-4f8a-8fdd-a779e733ab10,b
6b0ae8a6-a4df-478e-ad8f-59a00081e471,a
c03d3250-bba6-47ae-8a04-01c2fceff677,c
7e9188a5-4bd8-45e3-a79c-3787c7755c1b,d
05c96556-9228-4a56-b84f-39e82c2cd68b,a
145f79fa-9409-4fa7-89df-2a4d69145abf,b
d09b9671-9c55-4f6d-8a73-f5b31a12dcad,a
695cbd9a-22bf-4ade-800a-750535a36391,b
7b86c8d5-d458-42e8-8c3f-482213f04e55,b
530d5e8e-7a74-49f6-ae47-98cbdb8347d8,b
5e7f9577-f72b-4dca-a38f-b4f739e8cc81,c
ff534fbe-bc97-40ac-9cc4-0aa68c2c8324,a
f679b645-a686-40d8-a114-7760dcd23c10,b
1f9322aa-b6f6-4ed3-a39b-e89c953bb54e,b
a2c7da0a-a909-4161-a05e-7d882effaccb,d
a5a4af9d-12e9-43fa-91f5-49ba415dcfe0,c
c2594400-b4d1-4ec1-8b55-a2b8aee0e89f,c
c1457c2c-18a3-4ff4-b269-d83d6521459a,a
eb970968-2e2c-4f12-9cdd-f6c993f185ba,c
37ed2279-1cf2-4831-b625-5213798c518c,a
556b7e98-e190-4895-8cd3-b9c293a78333,c
72c693b1-4869-452d-abae-bed83a015cf2,b
7f61b71e-4591-415b-a577-7a1e721f4081,b
6b4920fb-267e-41cb-8d68-fbbba52bbc52,d
66f720d8-c601-4a9e-9f8d-5642a29c66f1,a
68e1e16b-6896-49ba-9e4b-2e5419e61772,d
5b6db70d-f686-4183-b47f-c883eab86cb7,c
dd2ac7ba-f492-4bac-9113-503fa582fd81,b
2470d231-4dc1-4c5c-90d6-984743f45529,c
44f19753-8e10-4c7f-9bbb-758f5c7f55f1,a
a94e019e-9d3e-4688-9b27-b81b1080a981,b
0adae40d-278d-43dc-a123-931e1b04e310,d
df03e943-4df8-45d0-8e3b-34e1c6822a4a,d
0c93dfaa-a0cc-4be9-a28f-b9faad5e5477,c
931c7964-a9f7-44ea-bcee-96bcd6489e60,d
70830b64-bb5a-4c61-b040-ea7848f4883d,d
fa3e1212-a68c-4278-8c8a-3d3a92fe7e55,c
58975430-f3e5-40fc-b534-27a3296d600b,d
d071ae20-3c38-43bb-9910-48e8c7d32af6,a
6f2d129f-fb7d-4b32-8df1-59f97afc0378,c
d973b58c-92c3-4509-b323-d92e24abd959,d
def7280e-6052-4501-9d03-e3b66e2bf177,c
30ea2863-6d65-4604-baec-7ca77068638d,a
cd3fd6a8-0cf0-41eb-8dfd-290ad216a53f,d
7d25f197-0dae-4e0a-b6e0-da7b997b4758,c
75b18ad7-fbc0-486f-aec6-1fa7ce85c787,d
eecfd06d-c5cc-420b-80bd-852144807669,a
d5f32ba3-8f5b-41d1-86db-4d52634eafaf,d
2ae99b53-40e2-4f6f-a0a2-51b949940bea,b
26a27408-2c62-473f-ba60-4c6363517a88,d
7ad38dcf-2201-4682-ba28-090e7d90e4c2,a
a7a0252a-d7f1-4282-a773-275d59a28600,c
7de691b1-c89a-4982-893d-bbeb84ccd223,a
38ae7a4d-6d36-41eb-97dd-23feaeaa31f8,c
78a55a2e-15aa-40ce-8001-2ce9d2ab6764,c
c75acc86-fee6-4abf-8ae1-fce595c3790d,b
c01acd40-4218-4f70-9628-e045a499c6fb,c
2650cedd-ccef-4053-ae27-2ab24ea0d1bd,b
ca2dac81-c49e-4a6e-8dfb-d21ca68f6391,c
023f73d1-0d34-4bb7-8271-7879113cbc8c,a
53a6b728-db88-4164-847f-4e4030ab941f,b
ba0c82c9-754c-4f9d-b236-5147c55a8712,c
8415e9b4-1f8d-4d1c-b415-e71f918eac4b,b
e74d5762-a137-4dcf-a0e3-3e1facc9d07e,b
69a8b2a1-17b3-4df1-922f-c1984e0255ba,d
bae94811-b6a0-42a9-a583-6b9857df6c1f,a
216a7feb-c5ef-4c95-9ac1-7476cb64694c,b
65d47b76-5eb0-4f43-a8ef-d7ce22988540,d
fd9acd34-68f3-4a1e-b920-dbf9429f811f,b
c13abe64-0b6c-451a-9211-20bcd49b2149,d
c1a54655-8bee-4b7d-83ca-8cba44093086,d
ea04d9fe-aec1-44bd-b995-897cadb38898,a
15ceec07-4a17-4413-af8e-4b6a88c8b770,b
1b1ace64-c058-435e-9304-79a811753247,a
c79e9218-33ff-4bdf-8249-2db47a4380f2,c
ac161822-1f01-4f74-b725-3da9e9c38fa5,c
39e79fb1-795b-4e4b-8617-2ec6e01e6db4,c
66b146a5-7e17-4ca0-9968-ed95e9f8b784,c
24116cd5-1811-416e-8be6-7981ec9614b1,d
f1578cb6-6d72-49b7-b4db-0b98af09e107,c
de2d9337-94da-4208-8c93-6c47191d0c88,b
2af0e3ff-f690-4a57-9b1b-dd0fdf8286d6,a
54f11963-78a1-4c15-99e8-3474eb7940ed,d
f2a030bc-b84b-4f28-859a-03da49a62582,c
e0ea872c-a4ff-460f-8b8d-a49421a84f1d,d
48c29a55-ae5b-499c-9751-b00bfee81620,b
94eb1acc-3469-4757-b60a-a640d534555b,c
b0d77a20-cf54-44fb-95bf-0895c117701f,d
fb84f89b-0e82-432d-b8a4-7368a849e997,d
06376c3e-4542-48b5-9728-5802e07f1015,b
9be55f30-688e-42f6-8879-e3200ab38360,b
1b7af6a4-de84-4676-88cd-4487630035bc,b
9085ad02-b9c4-4e08-b0ac-a8d297bad0e6,c
bd5a148d-cbac-435f-adc2-6253b652f2ac,c
59a84724-1b3a-4a56-a709-f81256ce39dc,d
